Chain1,Res1,ResName1,Atom1,Chain2,Res2,ResName2,Atom2,Distance,Type
A,166,Y,OH,B,29,g,O6,3.19,HB
A,170,G,N,B,34,g,O3',3.31,HB
A,170,G,N,B,34,g,O2',2.8,HB
A,170,G,O,B,34,g,O2',3.1,HB
A,171,G,N,B,34,g,O2',3.24,HB
A,186,R,NH2,B,35,c,O4',3.37,HB
A,186,R,NH2,B,35,c,O2',3.59,HB
A,188,K,NZ,B,27,u,O3',2.7,HB
A,188,K,NZ,B,28,a,OP1,3.49,HB
A,188,K,NZ,B,28,a,OP2,1.38,HB
A,188,K,NZ,B,28,a,O5',2.28,HB
A,245,Y,OH,B,28,a,N6,2.34,HB
A,245,Y,OH,B,28,a,N1,3.8,HB
A,245,Y,OH,B,29,g,O6,3.89,HB
A,245,Y,OH,B,29,g,N1,3.8,HB
A,261,K,NZ,B,15,g,OP2,3.5,HB
A,262,R,NH1,B,19,g,O6,3.1,HB
A,262,R,NH2,B,19,g,O6,3.13,HB
A,262,R,NE,B,35,c,OP1,1.72,HB
A,262,R,NE,B,35,c,OP2,3.3,HB
A,262,R,NE,B,35,c,O5',3.79,HB
A,262,R,NH1,B,35,c,OP1,3.44,HB
A,262,R,NH1,B,35,c,OP2,3.47,HB
A,262,R,NH2,B,35,c,OP1,3.32,HB
A,262,R,NH2,B,35,c,OP2,3.18,HB
A,262,R,NH1,B,36,a,OP2,3.67,HB
A,267,K,NZ,B,16,a,O3',2.9,HB
A,271,K,NZ,B,15,g,O2',3.6,HB
A,277,K,NZ,B,33,a,O3',3.77,HB
A,277,K,NZ,B,34,g,OP1,2.01,HB
A,278,A,N,B,17,a,OP1,3.8,HB