Chain1,Res1,ResName1,Atom1,Chain2,Res2,ResName2,Atom2,Distance,Type
A,60,H,NE2,B,11,a,O3',3.74,HB
A,60,H,ND1,B,12,u,OP2,3.3,HB
A,60,H,NE2,B,12,u,OP1,3.28,HB
A,60,H,NE2,B,12,u,OP2,1.7,HB
A,60,H,NE2,B,12,u,O5',2.35,HB
A,60,H,NE2,B,12,u,O4',3.58,HB
A,84,F,N,B,12,u,O4,3.88,HB
A,84,F,O,B,12,u,N3,3.2,HB
A,84,F,CG,B,12,u,C5,2.99,HY
A,84,F,CD1,B,12,u,C5,3.19,HY
A,84,F,CD2,B,12,u,C5,4.31,HY
A,85,N,N,B,12,u,O4,1.88,HB
A,86,T,N,B,12,u,O4,3.88,HB
A,108,H,ND1,B,10,g,O3',3.55,HB
A,108,H,ND1,B,10,g,O2',3.63,HB
A,108,H,ND1,B,11,a,OP2,2.13,HB
A,108,H,NE2,B,11,a,OP2,3.62,HB
A,108,H,CB,B,12,u,C5,4.33,HY
A,132,S,OG,B,10,g,O2',3.34,HB
A,156,H,NE2,B,10,g,C6,3.79,HB
A,156,H,NE2,B,10,g,N1,3.15,HB
A,156,H,NE2,B,10,g,C2,3.1,HB
A,156,H,NE2,B,10,g,N2,3.28,HB
A,307,Y,OH,B,5,g,OP1,3.69,HB
A,331,R,NH1,B,4,a,O3',3.42,HB
A,439,G,O,B,46,g,N2,3.87,HB
A,464,S,O,B,46,g,N2,2.97,HB
A,465,Y,OH,B,46,g,O2',3.47,HB
A,489,R,NH1,B,47,u,O3',3.72,HB
A,489,R,NH2,B,47,u,O3',3.56,HB
A,489,R,NE,B,48,g,OP2,3.01,HB
A,489,R,NH1,B,48,g,OP1,2.46,HB
A,489,R,NH1,B,48,g,OP2,1.74,HB
A,489,R,NH1,B,48,g,O5',3.31,HB
A,489,R,NH2,B,48,g,OP1,3.8,HB
A,489,R,NH2,B,48,g,OP2,1.3,HB
A,489,R,NH2,B,48,g,O5',3.36,HB
A,517,N,OD1,B,53,g,N2,3.18,HB
A,517,N,ND2,B,54,a,O4',3.24,HB
A,517,N,ND2,B,54,a,O2',3.8,HB
A,539,H,ND1,B,34,a,OP1,2.44,HB
A,539,H,ND1,B,34,a,O5',3.5,HB
A,540,N,O,B,33,c,O2',2.93,HB
A,541,N,ND2,B,54,a,N3,3.05,HB
A,541,N,ND2,B,55,c,O4',3.46,HB
A,541,N,ND2,B,55,c,O2,3.57,HB
A,544,R,NE,B,55,c,O3',3.64,HB
A,544,R,NE,B,55,c,O2',3.64,HB
A,571,S,O,B,33,c,O2',3.13,HB
A,571,S,OG,B,34,a,OP1,3.13,HB
A,573,G,N,B,32,u,O2',3.79,HB
A,573,G,O,B,32,u,O2',3.85,HB
A,597,N,ND2,B,32,u,O3',2.99,HB
A,597,N,ND2,B,32,u,O2',3.78,HB
A,619,K,NZ,B,22,c,O3',2.97,HB
A,619,K,NZ,B,23,u,OP1,1.13,HB
A,619,K,NZ,B,23,u,OP2,3.65,HB
A,619,K,NZ,B,23,u,O5',3.26,HB