Chain1,Res1,ResName1,Atom1,Chain2,Res2,ResName2,Atom2,Distance,Type
A,781,Y,OH,B,17,a,OP2,3.7,HB
A,781,Y,OH,B,18,u,OP2,2.99,HB
A,820,Q,NE2,B,14,g,N1,3.88,HB
A,824,N,OD1,B,14,g,N2,2.84,HB
A,824,N,OD1,B,17,a,O2',3.15,HB
A,824,N,ND2,B,17,a,O2',3.63,HB
A,828,Q,NE2,B,17,a,O5',2.59,HB
A,831,K,NZ,B,18,u,OP1,2.14,HB
A,831,K,NZ,B,18,u,OP2,3.2,HB
A,831,K,NZ,B,18,u,O5',3.7,HB
A,831,K,NZ,B,19,a,OP2,3.48,HB
A,857,N,ND2,B,14,g,O3',2.75,HB
A,857,N,ND2,B,15,g,OP1,2.29,HB
A,857,N,ND2,B,15,g,O5',2.59,HB
A,858,H,N,B,17,a,OP1,3.14,HB
A,858,H,ND1,B,17,a,OP1,3.02,HB
A,858,H,ND1,B,17,a,OP2,3.61,HB
A,858,H,NE2,B,17,a,OP1,3.88,HB
A,858,H,NE2,B,17,a,OP2,3.07,HB