Chain1,Res1,ResName1,Atom1,Chain2,Res2,ResName2,Atom2,Distance,Type
A,312,R,NH1,B,41,g,O3',3.75,HB
A,312,R,NH1,B,42,a,OP1,2.84,HB
A,314,E,O,B,40,a,O2',3.31,HB
A,314,E,OE1,B,51,a,O2',3.5,HB
A,590,R,NE,B,70,u,OP1,3.75,HB
A,590,R,NH1,B,70,u,OP1,3.38,HB
A,590,R,NH1,B,70,u,O5',3.85,HB
A,590,R,NE,B,71,c,OP1,3.49,HB
A,590,R,NE,B,71,c,OP2,3.65,HB
A,590,R,NH1,B,71,c,OP2,3.12,HB
A,690,Y,OH,B,58,g,O2',3.8,HB
A,691,M,SD,B,27,u,O2',3.15,HB
A,691,M,O,B,58,g,O2',3.74,HB
A,692,R,NE,B,57,c,O2',3.43,HB
A,692,R,NH1,B,57,c,O3',3.35,HB
A,692,R,NH1,B,57,c,O2',2.04,HB
A,699,G,N,B,10,g,OP1,3.35,HB
A,700,F,N,B,10,g,OP1,3.76,HB
A,702,R,NE,B,58,g,OP1,3.42,HB
A,702,R,NE,B,58,g,OP2,3.39,HB
A,702,R,NE,B,58,g,O5',3.3,HB
A,702,R,NH1,B,58,g,OP2,3.84,HB
A,702,R,NH2,B,58,g,OP1,3.37,HB
A,702,R,NH2,B,58,g,OP2,1.72,HB
A,702,R,NH2,B,58,g,O5',3.16,HB
A,702,R,N,B,59,c,OP1,3.76,HB
A,702,R,NE,B,59,c,OP2,2.46,HB
A,702,R,NH1,B,59,c,OP2,3.24,HB
A,703,L,N,B,59,c,OP1,3.11,HB
A,816,E,OE1,B,46,g,N2,3.62,HB
A,852,Q,OE1,B,44,g,N1,2.74,HB
A,852,Q,OE1,B,44,g,C2,3.32,HB
A,852,Q,OE1,B,44,g,N2,3.4,HB
A,931,R,NH1,B,46,g,O2',3.32,HB
A,933,M,SD,B,45,g,N2,3.64,HB