Chain1,Res1,ResName1,Atom1,Chain2,Res2,ResName2,Atom2,Distance,Type
A,127,Q,OE1,B,42,a,N6,3.8,HB
A,127,Q,NE2,B,42,a,N7,3.26,HB
A,169,R,NH1,B,40,a,O3',1.94,HB
A,169,R,NH2,B,40,a,O3',2.6,HB
A,169,R,NE,B,41,u,OP1,1.94,HB
A,169,R,NE,B,41,u,OP2,3.84,HB
A,169,R,NH1,B,41,u,OP1,1.49,HB
A,169,R,NH1,B,41,u,OP2,3.22,HB
A,169,R,NH1,B,41,u,O5',3.23,HB
A,169,R,NH2,B,41,u,OP1,1.56,HB
A,169,R,NH2,B,41,u,OP2,1.61,HB
A,169,R,NH2,B,41,u,O5',3.07,HB
A,172,H,NE2,B,42,a,OP1,3.06,HB
A,172,H,NE2,B,42,a,OP2,2.83,HB
A,185,R,NE,B,42,a,OP1,3.24,HB
A,185,R,NH2,B,42,a,OP1,2.38,HB
A,186,N,ND2,B,44,g,O6,3.88,HB
A,188,Y,OH,B,41,u,O3',3.69,HB
A,224,K,NZ,B,39,a,O3',3.16,HB
A,224,K,NZ,B,39,a,O2',3.25,HB
A,224,K,NZ,B,40,a,OP1,3.19,HB
A,224,K,NZ,B,40,a,O5',3.08,HB
A,224,K,NZ,B,40,a,O4',3.89,HB
A,225,Y,OH,B,40,a,O3',3.13,HB
A,241,S,OG,B,38,a,O2',3.5,HB
A,241,S,O,B,39,a,O2',3.6,HB
A,338,H,ND1,B,42,a,O2',2.66,HB
A,338,H,NE2,B,42,a,O4',2.66,HB
A,338,H,NE2,B,42,a,O2',3.1,HB
A,448,E,O,B,42,a,O2',3.49,HB
A,450,H,NE2,B,42,a,O4',3.71,HB