Chain1,Res1,ResName1,Atom1,Chain2,Res2,ResName2,Atom2,Distance,Type
A,827,R,NH2,B,44,a,OP1,3.37,HB
A,954,N,OD1,B,19,c,N4,3.0,HB
A,954,N,ND2,B,19,c,N3,2.8,HB
A,1117,Y,OH,B,1,g,C6,3.9,HB
A,1117,Y,OH,B,1,g,N1,3.57,HB
A,1117,Y,OH,B,1,g,C2,3.17,HB
A,1117,Y,OH,B,1,g,N2,3.72,HB
A,1117,Y,OH,B,3,c,O2',3.2,HB
A,1126,N,OD1,B,32,a,O2',1.88,HB
A,1126,N,ND2,B,32,a,O2',3.51,HB
A,1126,N,ND2,B,33,c,O5',3.32,HB
A,1126,N,ND2,B,33,c,O4',2.74,HB
A,1126,N,ND2,B,33,c,O3',3.57,HB
A,1133,Y,OH,B,32,a,O3',2.19,HB
A,1133,Y,OH,B,33,c,OP1,1.33,HB
A,1133,Y,OH,B,33,c,OP2,1.98,HB
A,1133,Y,OH,B,33,c,O5',1.22,HB
A,1133,Y,OH,B,34,c,OP2,3.73,HB
A,1135,Y,OH,B,31,a,O2',3.01,HB
A,1135,Y,OH,B,32,a,O4',2.87,HB
A,1137,K,NZ,B,31,a,O2',3.19,HB
A,1142,S,O,B,17,g,O2',3.28,HB
A,1144,M,N,B,17,g,O2',3.62,HB
A,1145,T,OG1,B,18,u,O3',2.44,HB
A,1145,T,OG1,B,19,c,OP1,2.58,HB
A,1145,T,OG1,B,19,c,OP2,1.85,HB
A,1145,T,OG1,B,19,c,O5',3.78,HB
A,1149,Y,OH,B,18,u,O3',3.85,HB
A,1149,Y,OH,B,19,c,OP2,2.19,HB
A,1253,H,ND1,B,2,a,O3',3.21,HB
A,1253,H,ND1,B,3,c,OP2,2.91,HB
A,1253,H,ND1,B,3,c,O5',3.31,HB
A,1254,Q,N,B,4,a,OP2,2.45,HB
A,1254,Q,NE2,B,5,g,OP2,3.27,HB
A,1257,N,CB,B,6,c,C6,4.47,HY
A,1257,N,OD1,B,6,c,N4,3.24,HB
A,1257,N,ND2,B,6,c,N3,3.75,HB
A,1260,K,NZ,B,34,c,OP2,3.51,HB
A,1266,W,CE3,B,3,c,C6,4.29,HY
A,1266,W,CZ3,B,3,c,C6,3.33,HY
A,1266,W,CH2,B,3,c,C6,3.65,HY
A,1266,W,NE1,B,42,a,O2',2.6,HB
A,1267,Y,CE1,B,3,c,C6,3.64,HY
A,1267,Y,OH,B,3,c,O4',3.12,HB
A,1269,R,NH1,B,43,c,O3',3.16,HB
A,1269,R,NH1,B,43,c,O2',3.4,HB
A,1269,R,NH2,B,43,c,O2',3.7,HB
A,1269,R,NH1,B,44,a,OP1,3.53,HB
A,1279,G,N,B,3,c,O2,3.25,HB
A,1279,G,N,B,3,c,N3,2.45,HB
A,1294,R,N,B,18,u,OP1,3.85,HB
A,1294,R,NE,B,20,c,OP1,3.75,HB
A,1294,R,NH1,B,21,a,OP1,3.86,HB