Chain1,Res1,ResName1,Atom1,Chain2,Res2,ResName2,Atom2,Distance,Type
A,33,P,O,B,73,a,O2',3.3,HB
A,51,R,NH1,B,54,c,O2',2.92,HB
A,51,R,NE,B,73,a,N1,2.79,HB
A,51,R,NH1,B,73,a,N1,0.79,HB
A,51,R,NH1,B,73,a,N3,3.2,HB
A,51,R,NH2,B,73,a,N7,3.1,HB
A,51,R,NH2,B,73,a,N1,2.52,HB
A,74,Y,OH,B,73,a,OP2,1.94,HB
A,84,N,ND2,B,8,c,O2',3.45,HB
A,84,N,OD1,B,9,g,O2',3.55,HB
A,84,N,ND2,B,9,g,O4',3.41,HB
A,86,R,N,B,9,g,O2',3.79,HB
A,86,R,NE,B,9,g,O3',1.95,HB
A,86,R,NE,B,9,g,O2',3.39,HB
A,86,R,NH1,B,9,g,O3',3.87,HB
A,86,R,NE,B,10,a,OP1,3.28,HB
A,86,R,NE,B,10,a,OP2,2.39,HB
A,86,R,NE,B,10,a,O5',1.52,HB
A,86,R,NE,B,10,a,O4',3.14,HB
A,86,R,NH1,B,10,a,OP2,3.84,HB
A,86,R,NH1,B,10,a,O5',3.53,HB
A,86,R,NH1,B,10,a,O4',3.67,HB
A,86,R,NH1,B,10,a,N7,2.5,HB
A,86,R,NH2,B,10,a,OP2,2.74,HB
A,86,R,NH2,B,10,a,O5',2.59,HB
A,86,R,NH2,B,10,a,O4',3.5,HB
A,86,R,NH2,B,10,a,N7,2.57,HB
A,112,R,NE,B,7,a,O2',3.34,HB
A,112,R,NH1,B,7,a,O2',3.06,HB
A,112,R,NH2,B,7,a,O3',3.4,HB
A,112,R,NH2,B,7,a,O2',1.42,HB
A,112,R,NH1,B,8,c,O5',3.69,HB
A,112,R,NH1,B,8,c,O4',2.48,HB
A,112,R,NH2,B,8,c,O4',3.79,HB
A,117,Y,OH,B,7,a,N1,3.6,HB
A,117,Y,OH,B,45,g,N1,3.03,HB
A,117,Y,OH,B,45,g,C2,1.91,HB
A,117,Y,OH,B,45,g,N2,1.95,HB
A,122,D,OD1,B,8,c,O2',2.99,HB
A,122,D,OD2,B,8,c,O2',3.59,HB
A,245,T,OG1,B,72,g,O2',2.23,HB
A,247,K,NZ,B,52,a,N1,3.68,HB