Chain1,Res1,ResName1,Atom1,Chain2,Res2,ResName2,Atom2,Distance,Type
A,33,R,NE,B,51,a,OP1,2.21,HB
A,33,R,NH1,B,51,a,OP1,3.32,HB
A,33,R,NH1,B,51,a,N7,3.87,HB
A,33,R,NH2,B,51,a,OP1,2.36,HB
A,33,R,NH2,B,51,a,OP2,3.67,HB
A,34,I,O,B,7,c,O2',3.52,HB
A,64,Y,O,B,3,g,N2,3.6,HB
A,64,Y,O,B,4,a,O2',3.62,HB
A,64,Y,OH,B,7,c,N3,3.73,HB
A,64,Y,OH,B,7,c,N4,1.59,HB
A,64,Y,OH,B,46,c,N4,3.81,HB
A,66,K,NZ,B,4,a,O3',3.35,HB
A,66,K,NZ,B,4,a,O2',3.38,HB
A,66,K,NZ,B,5,g,OP1,3.68,HB
A,66,K,NZ,B,5,g,O5',3.87,HB
A,215,N,ND2,B,51,a,N1,3.08,HB
A,821,K,NZ,B,32,u,O4',2.14,HB
A,821,K,NZ,B,32,u,O3',3.58,HB
A,821,K,NZ,B,32,u,O2',1.58,HB
A,821,K,NZ,B,32,u,O2,3.46,HB
A,824,Q,NE2,B,13,c,OP1,3.48,HB
A,824,Q,NE2,B,13,c,OP2,3.76,HB
A,824,Q,NE2,B,13,c,O5',3.14,HB
A,824,Q,NE2,B,13,c,O3',3.76,HB
A,824,Q,NE2,B,14,u,OP2,1.84,HB