Chain1,Res1,ResName1,Atom1,Chain2,Res2,ResName2,Atom2,Distance,Type
A,26,K,NZ,B,5,g,O3',3.14,HB
A,26,K,NZ,B,5,g,O2',3.01,HB
A,26,K,NZ,B,6,g,O5',3.33,HB
A,26,K,NZ,B,6,g,O4',3.8,HB
A,30,R,NH1,B,6,g,OP2,3.1,HB
A,33,R,NH1,B,8,c,OP1,3.9,HB
A,34,Q,N,B,26,g,OP1,3.37,HB
A,34,Q,NE2,B,26,g,O3',3.81,HB
A,34,Q,NE2,B,27,u,OP1,3.14,HB
A,34,Q,NE2,B,27,u,OP2,3.65,HB
A,52,H,ND1,B,7,a,N6,2.57,HB
A,52,H,ND1,B,7,a,N1,3.43,HB
A,52,H,NE2,B,7,a,N7,3.58,HB
A,52,H,NE2,B,7,a,N6,3.17,HB
A,52,H,NE2,B,7,a,N1,3.11,HB
A,52,H,NE2,B,7,a,N3,3.8,HB
A,900,R,NH2,B,12,u,O2',2.71,HB
A,900,R,NH1,B,13,c,O4',3.23,HB
A,900,R,NH1,B,13,c,O2',3.81,HB
A,900,R,NH2,B,13,c,O4',3.88,HB
A,912,E,OE2,B,12,u,O2',3.57,HB
A,1018,N,ND2,B,19,a,O4',3.77,HB
A,1026,W,NE1,B,19,a,N7,3.85,HB
A,1066,R,NH1,B,20,a,O2',3.68,HB
A,1066,R,NH2,B,20,a,O4',3.86,HB
A,1066,R,NH2,B,20,a,O2',2.22,HB