Chain1,Res1,ResName1,Atom1,Chain2,Res2,ResName2,Atom2,Distance,Type
A,135,A,N,B,27,u,N3,3.78,HB
A,135,A,N,B,27,u,O4,2.24,HB
A,135,A,O,B,27,u,N3,2.79,HB
A,136,A,N,B,27,u,O4,2.87,HB
A,166,Y,OH,B,24,g,N2,3.65,HB
A,186,R,NH1,B,30,u,OP2,3.51,HB
A,188,K,NZ,B,28,a,OP1,3.07,HB
A,261,K,NZ,B,18,g,OP1,2.85,HB
A,262,R,NH1,B,21,a,N1,3.83,HB
A,262,R,NH2,B,21,a,N7,2.63,HB
A,262,R,NE,B,32,a,N1,3.83,HB
A,262,R,NH1,B,32,a,N1,3.75,HB
A,267,K,NZ,B,19,g,OP1,3.57,HB
A,267,K,NZ,B,19,g,O5',3.75,HB
A,267,K,NZ,B,19,g,O3',3.09,HB
A,267,K,NZ,B,20,u,OP1,3.77,HB
A,277,K,NZ,B,22,a,OP2,1.95,HB
A,283,P,O,B,27,u,N3,3.76,HB
A,284,M,N,B,27,u,O2,3.65,HB
A,284,M,SD,B,27,u,O2',2.66,HB