Chain1,Res1,ResName1,Atom1,Chain2,Res2,ResName2,Atom2,Distance,Type
A,139,C,N,B,8,a,O3',3.83,HB
A,139,C,N,B,9,c,OP1,3.0,HB
A,140,G,N,B,8,a,O4',2.92,HB
A,140,G,N,B,8,a,O3',2.65,HB
A,140,G,N,B,9,c,OP1,2.89,HB
A,140,G,N,B,9,c,OP2,3.39,HB
A,146,R,NE,B,10,a,O3',2.98,HB
A,146,R,NE,B,10,a,O2',2.2,HB
A,146,R,NH1,B,10,a,O4',3.44,HB
A,146,R,NH1,B,10,a,O3',1.99,HB
A,146,R,NH1,B,10,a,O2',1.17,HB
A,146,R,NH1,B,10,a,N3,3.64,HB
A,146,R,NH2,B,10,a,O3',1.35,HB
A,146,R,NH2,B,10,a,O2',3.01,HB
A,146,R,NE,B,11,u,OP2,3.4,HB
A,146,R,NH1,B,11,u,OP2,3.67,HB
A,146,R,NH2,B,11,u,OP1,2.7,HB
A,146,R,NH2,B,11,u,OP2,1.48,HB
A,146,R,NH2,B,11,u,O5',2.84,HB
A,148,K,NZ,B,5,c,N3,3.57,HB
A,148,K,NZ,B,6,c,N3,2.57,HB
A,148,K,CD,B,7,u,C5,4.06,HY
A,148,K,NZ,B,7,u,N3,3.4,HB
A,148,K,NZ,B,7,u,O4,3.61,HB
A,148,K,NZ,B,10,a,N1,2.96,HB
A,150,N,ND2,B,5,c,OP1,3.23,HB
A,150,N,ND2,B,5,c,OP2,1.99,HB
A,154,L,CD1,B,7,u,C5,4.2,HY
A,814,K,NZ,B,7,u,OP1,2.83,HB
A,817,K,NZ,B,7,u,O2',3.12,HB
A,817,K,NZ,B,9,c,OP2,3.32,HB
A,829,D,N,B,1,c,OP1,3.68,HB