Chain1,Res1,ResName1,Atom1,Chain2,Res2,ResName2,Atom2,Distance,Type
A,50,S,OG,B,17,u,OP1,3.4,HB
A,53,R,NE,B,17,u,O3',3.63,HB
A,53,R,NH2,B,17,u,O2',3.48,HB
A,54,H,NE2,B,67,a,OP1,2.19,HB
A,57,N,ND2,B,17,u,O3',3.63,HB
A,57,N,ND2,B,18,g,OP1,1.32,HB
A,57,N,ND2,B,18,g,OP2,3.45,HB
A,57,N,ND2,B,18,g,O5',2.81,HB
A,61,R,NH1,B,66,a,OP1,3.54,HB
A,62,Q,OE1,B,19,a,O2',3.3,HB
A,63,R,NH1,B,64,a,O3',2.07,HB
A,63,R,NH2,B,64,a,O3',3.29,HB
A,63,R,NE,B,65,g,OP1,2.19,HB
A,63,R,NE,B,65,g,OP2,2.39,HB
A,63,R,NE,B,65,g,O5',3.24,HB
A,63,R,NH1,B,65,g,OP1,1.97,HB
A,63,R,NH1,B,65,g,OP2,0.88,HB
A,63,R,NH1,B,65,g,O5',1.69,HB
A,63,R,NH2,B,65,g,OP1,1.62,HB
A,63,R,NH2,B,65,g,OP2,3.01,HB
A,63,R,NH2,B,65,g,O5',1.8,HB
A,63,R,NH2,B,65,g,O3',3.85,HB
A,64,Y,OH,B,19,a,O2',3.3,HB
A,66,K,N,B,52,c,OP1,3.65,HB
A,67,R,NE,B,53,c,OP2,3.6,HB
A,67,R,NH2,B,53,c,OP2,2.9,HB
A,67,R,NE,B,54,g,O6,3.32,HB
A,67,R,NH1,B,54,g,C6,2.51,HB
A,67,R,NH1,B,54,g,O6,1.47,HB
A,67,R,NH1,B,54,g,N1,3.56,HB
A,67,R,NH2,B,54,g,C6,3.3,HB
A,67,R,NH2,B,54,g,O6,2.8,HB
A,67,R,NE,B,65,g,C6,3.89,HB
A,67,R,NE,B,65,g,O6,3.3,HB
A,67,R,NH2,B,65,g,O6,3.61,HB
A,69,S,N,B,64,a,OP1,2.59,HB
A,69,S,OG,B,64,a,OP1,3.86,HB