Chain1,Res1,ResName1,Atom1,Chain2,Res2,ResName2,Atom2,Distance,Type
A,578,K,NZ,B,13,a,OP1,3.13,HB
A,578,K,NZ,B,13,a,O5',3.87,HB
A,603,K,NZ,B,44,c,O2',3.89,HB
A,618,R,O,B,23,a,N6,3.31,HB
A,619,S,N,B,23,a,N1,2.47,HB
A,619,S,N,B,23,a,N3,3.31,HB
A,619,S,O,B,23,a,N6,3.54,HB
A,619,S,OG,B,23,a,O2',3.55,HB
A,619,S,OG,B,23,a,N3,2.7,HB
A,619,S,OG,B,24,a,O4',3.06,HB
A,620,G,N,B,21,u,O2,3.79,HB
A,620,G,N,B,23,a,N1,3.89,HB
A,620,G,N,B,24,a,N7,3.1,HB
A,620,G,N,B,24,a,N1,3.04,HB
A,620,G,N,B,24,a,N3,2.57,HB
A,620,G,O,B,24,a,O2',3.6,HB
A,620,G,O,B,26,c,N4,3.4,HB
A,621,R,NH1,B,18,g,C6,3.67,HB
A,621,R,NH1,B,18,g,N1,3.2,HB
A,621,R,NE,B,19,a,N1,1.78,HB
A,621,R,NE,B,19,a,N3,3.52,HB
A,621,R,NH1,B,19,a,N7,2.88,HB
A,621,R,NH1,B,19,a,N1,0.96,HB
A,621,R,NH1,B,19,a,N3,2.64,HB
A,621,R,NH2,B,19,a,N7,3.64,HB
A,621,R,NH2,B,19,a,N1,1.88,HB
A,621,R,NH2,B,19,a,N3,1.48,HB
A,621,R,NE,B,20,u,O2,2.99,HB
A,621,R,NE,B,20,u,N3,2.73,HB
A,621,R,NH2,B,20,u,O4',3.88,HB
A,621,R,NH2,B,20,u,O2,3.63,HB
A,621,R,NH2,B,20,u,N3,3.41,HB
A,621,R,N,B,24,a,N1,2.16,HB
A,621,R,N,B,24,a,N3,1.42,HB
A,621,R,O,B,24,a,O2',2.7,HB
A,621,R,O,B,26,c,N4,1.46,HB
A,621,R,NE,B,27,g,N1,3.02,HB
A,622,G,N,B,24,a,N3,3.08,HB
A,622,G,N,B,26,c,O2,3.57,HB
A,622,G,N,B,26,c,N3,1.93,HB
A,623,K,N,B,24,a,O2',3.8,HB
A,623,K,N,B,24,a,N3,3.62,HB
A,623,K,NZ,B,24,a,O3',1.83,HB
A,623,K,NZ,B,25,u,OP1,1.0,HB
A,623,K,NZ,B,25,u,OP2,2.42,HB
A,623,K,NZ,B,25,u,O5',1.66,HB
A,634,R,NE,B,23,a,O3',2.14,HB
A,634,R,NE,B,23,a,O2',2.65,HB
A,634,R,NH1,B,23,a,O3',2.17,HB
A,634,R,NH2,B,23,a,O3',2.32,HB
A,634,R,NE,B,24,a,OP1,3.18,HB
A,634,R,NH1,B,24,a,OP1,1.31,HB
A,634,R,NH1,B,24,a,OP2,3.04,HB
A,634,R,NH1,B,24,a,O5',3.36,HB
A,634,R,NH2,B,24,a,OP1,3.4,HB
A,634,R,NH2,B,24,a,OP2,3.75,HB
A,636,D,O,B,25,u,O2',3.44,HB
A,636,D,CB,B,25,u,C5,3.19,HY
A,636,D,OD1,B,25,u,O2',2.26,HB
A,636,D,OD2,B,25,u,O2',3.75,HB
A,638,K,N,B,14,c,OP1,3.37,HB
A,638,K,N,B,25,u,O2',3.16,HB
A,638,K,O,B,25,u,O2',3.45,HB
A,638,K,N,B,26,c,O5',3.75,HB
A,638,K,N,B,26,c,O4',3.1,HB
A,638,K,NZ,B,26,c,OP1,2.55,HB
A,638,K,NZ,B,27,g,OP2,2.42,HB
A,639,A,O,B,13,a,O2',3.79,HB
A,639,A,N,B,14,c,OP1,2.64,HB
A,639,A,N,B,14,c,O5',3.45,HB
A,639,A,N,B,25,u,O3',3.58,HB
A,639,A,N,B,25,u,O2',1.28,HB
A,639,A,CB,B,25,u,C5,4.12,HY
A,640,Q,N,B,25,u,O2',3.5,HB
A,641,M,CB,B,25,u,C5,3.31,HY
A,641,M,SD,B,25,u,N3,3.87,HB
A,642,V,N,B,25,u,O4,3.74,HB
A,689,N,ND2,B,22,u,O2,3.34,HB