Chain1,Res1,ResName1,Atom1,Chain2,Res2,ResName2,Atom2,Distance,Type
A,2,S,N,B,20,g,O3',3.8,HB
A,2,S,OG,B,20,g,O3',3.87,HB
A,2,S,N,B,21,u,OP1,1.94,HB
A,2,S,N,B,21,u,OP2,2.3,HB
A,2,S,N,B,21,u,O5',2.99,HB
A,2,S,OG,B,21,u,OP1,2.19,HB
A,3,T,N,B,21,u,OP1,3.73,HB
A,6,K,NZ,B,20,g,OP1,3.64,HB
A,6,K,NZ,B,20,g,O5',3.79,HB
A,6,K,NZ,B,20,g,O3',3.24,HB
A,6,K,NZ,B,21,u,OP1,3.56,HB
A,9,R,NH1,B,8,c,O2',3.32,HB
A,9,R,NH1,B,8,c,O2,3.33,HB
A,9,R,NH1,B,9,g,O4',3.82,HB
A,21,D,OD2,B,12,u,O2',3.64,HB
A,23,K,NZ,B,14,g,OP1,3.53,HB
A,25,P,O,B,14,g,O2',3.53,HB
A,27,G,O,B,13,g,C2,3.9,HB
A,27,G,O,B,13,g,N2,3.07,HB
A,38,P,O,B,12,u,N3,2.39,HB
A,39,R,N,B,12,u,O2,3.61,HB
A,40,R,NH1,B,11,u,O4,3.81,HB
A,40,R,CB,B,12,u,C5,2.86,HY
A,40,R,NE,B,12,u,O4,2.48,HB
A,40,R,NH2,B,12,u,O4,3.67,HB
A,40,R,NH2,B,13,g,O6,3.49,HB
A,41,G,N,B,12,u,O4',3.68,HB
A,43,R,NE,B,12,u,O3',3.27,HB
A,43,R,NH2,B,12,u,O3',2.94,HB
A,43,R,NE,B,13,g,OP1,3.37,HB
A,43,R,NH1,B,13,g,OP1,2.66,HB
A,43,R,NH2,B,13,g,OP1,1.88,HB
A,43,R,NH2,B,13,g,O5',3.75,HB
A,69,R,NE,B,7,a,O3',3.61,HB
A,69,R,NE,B,8,c,OP1,2.12,HB
A,69,R,NE,B,8,c,OP2,3.58,HB
A,69,R,NH1,B,8,c,OP1,2.04,HB
A,69,R,NH2,B,8,c,OP1,1.91,HB
A,69,R,NH2,B,8,c,OP2,3.2,HB
A,69,R,NH2,B,8,c,O5',3.73,HB
A,74,R,NH2,B,20,g,O2',2.84,HB
A,110,T,OG1,B,1,u,OP1,3.23,HB
A,135,G,O,B,19,u,O2',2.3,HB
A,136,Y,OH,B,20,g,O4',3.39,HB
A,136,Y,OH,B,20,g,O3',2.45,HB
A,136,Y,OH,B,20,g,O2',2.52,HB
A,149,R,NH2,B,20,g,OP1,3.23,HB
A,149,R,NH2,B,20,g,OP2,3.44,HB
A,1256,P,O,B,28,g,O2',2.68,HB
A,1258,V,N,B,29,a,OP1,2.13,HB
A,1281,G,N,B,30,c,OP1,2.43,HB
A,1281,G,N,B,30,c,OP2,3.88,HB
A,1281,G,N,B,30,c,O5',3.77,HB
A,1295,T,OG1,B,29,a,O3',3.13,HB
A,1295,T,OG1,B,30,c,OP1,2.79,HB
A,1297,G,N,B,29,a,O2',3.22,HB
A,1324,T,OG1,B,28,g,C2,3.24,HB
A,1324,T,OG1,B,28,g,N2,2.24,HB
A,1397,K,NZ,B,27,g,OP2,3.45,HB
A,1419,R,N,B,27,g,OP1,3.11,HB
A,1419,R,NE,B,28,g,OP2,3.59,HB
A,1419,R,NH1,B,28,g,C6,3.48,HB
A,1419,R,NH1,B,28,g,O6,3.11,HB
A,1419,R,NH2,B,28,g,C6,3.79,HB
A,1419,R,NH2,B,28,g,O6,3.55,HB
A,1419,R,NH2,B,29,a,N7,2.93,HB
A,1437,T,OG1,B,26,g,O3',3.73,HB
A,1437,T,OG1,B,27,g,OP1,2.79,HB
A,1439,A,N,B,27,g,O3',3.85,HB
A,1460,Q,NE2,B,26,g,O6,3.04,HB
A,1474,T,N,B,25,u,O4,3.76,HB
A,1474,T,O,B,25,u,N3,3.78,HB
A,1474,T,OG1,B,25,u,O2,3.63,HB
A,1474,T,OG1,B,25,u,N3,2.5,HB
A,1474,T,OG1,B,25,u,O4,3.02,HB
A,1519,E,OE1,B,27,g,N1,3.56,HB
A,1527,W,NE1,B,29,a,N1,3.83,HB
A,1527,W,NE1,B,30,c,O2,3.53,HB
A,1528,Y,OH,B,29,a,O2',3.3,HB
A,1582,N,ND2,B,26,g,O6,3.28,HB
A,1630,A,N,B,24,a,OP1,3.1,HB
A,1630,A,N,B,24,a,OP2,3.84,HB
A,1631,V,N,B,23,u,OP1,2.75,HB
A,1925,R,NE,B,10,a,N3,3.2,HB
A,1925,R,NH1,B,10,a,N1,2.85,HB
A,1925,R,NH1,B,10,a,N3,2.82,HB
A,1925,R,NH2,B,10,a,N1,3.89,HB
A,1925,R,NH1,B,16,a,N1,3.74,HB
A,1925,R,NH2,B,16,a,N1,3.29,HB
A,1925,R,NH2,B,16,a,N3,3.52,HB
A,1925,R,NH1,B,17,c,O2,3.55,HB
A,1925,R,NH2,B,17,c,O2,3.25,HB
A,1926,G,N,B,10,a,O3',2.82,HB
A,1926,G,N,B,11,u,OP1,2.0,HB
A,1926,G,N,B,11,u,O5',3.62,HB
A,1926,G,O,B,11,u,N3,3.82,HB
A,1927,N,N,B,11,u,OP1,3.12,HB
A,1927,N,CB,B,11,u,C5,4.12,HY
A,1928,H,N,B,11,u,O4,2.44,HB
A,1928,H,NE2,B,12,u,O4,3.19,HB
A,2923,R,NE,B,17,c,OP1,2.63,HB
A,2923,R,NH2,B,17,c,OP1,2.95,HB
A,2925,W,CZ2,B,3,c,C6,4.14,HY
A,2930,R,NH1,B,15,g,O3',3.72,HB
A,2930,R,NH1,B,16,a,OP1,3.78,HB
A,2930,R,NH2,B,16,a,OP1,2.96,HB
A,2951,R,CB,B,3,c,C6,3.85,HY
A,2952,T,OG1,B,3,c,N4,3.7,HB