name,kd,10.0-0,9.9-0,9.8-0,9.7-0,9.6-0,9.5-0,9.4-0,9.3-0,9.2-0,9.1-0,9.0-0,8.9-0,8.8-0,8.7-0,8.6-0,8.5-0,8.4-0,8.3-0,8.2-0,8.1-0,8.0-0,7.9-0,7.8-0,7.7-0,7.6-0,7.5-0,7.4-0,7.3-0,7.2-0,7.1-0,7.0-0,6.9-0,6.8-0,6.7-0,6.6-0,6.5-0,6.4-0,6.3-0,6.2-0,6.1-0,6.0-0,5.9-0,5.8-0,5.7-0,5.6-0,5.5-0,5.4-0,5.3-0,5.2-0,5.1-0,5.0-0,4.9-0,4.8-0,4.7-0,4.6-0,4.5-0,4.4-0,4.3-0,4.2-0,4.1-0,4.0-0,3.9-0,3.8-0,3.7-0,3.6-0,3.5-0,3.4-0,3.3-0,3.2-0,3.1-0,3.0-0,2.9-0,2.8-0,2.7-0,2.6-0,2.5-0,2.4-0,2.3-0,2.2-0,2.1-0,2.0-0,1.9-0,1.8-0,1.7-0,1.6-0,1.5-0,1.4-0,1.3-0,1.2-0,1.1-0,1.0-0,0.9-0,0.8-0,0.7-0,0.6-0,0.5-0,0.4-0,0.3-0,0.2-0,0.1-0
1f6u,110,99275,97051,94842,92696,90523,88413,86324,84184,82142,80127,78088,76040,74090,72090,70227,68305,66454,64572,62747,60890,59062,57373,55714,54025,52385,50785,49214,47596,46017,44493,43018,41585,40153,38639,37252,35887,34486,33213,31913,30702,29471,28312,27098,25965,24845,23763,22716,21668,20686,19732,18735,17802,16852,15922,14946,14052,13223,12458,11699,11061,10392,9777,9193,8620,8096,7591,7107,6603,6155,5737,5336,4975,4585,4212,3824,3295,2696,2406,2177,1522,1225,1165,1151,1028,991,814,654,480,420,418,61,0,0,0,0,0,0,0,0,0
1fje,2,168377,164484,160599,156804,153003,149296,145642,141940,138215,134659,131124,127614,124211,120829,117681,114343,111141,107831,104630,101577,98564,95524,92556,89614,86705,83968,81186,78346,75750,73164,70584,67985,65520,63065,60642,58350,56078,53817,51656,49526,47475,45464,43481,41626,39676,37934,36181,34522,32883,31316,29799,28271,26752,25291,23854,22474,21141,19902,18717,17599,16531,15511,14508,13670,12749,11904,11112,10351,9596,8964,8244,7628,7006,6428,5853,5063,4125,3577,3262,2213,1894,1759,1727,1502,1429,1166,940,750,646,646,104,0,0,0,0,0,0,0,0,0
1hq1,"0,033",30068,29402,28746,28093,27449,26837,26241,25616,24999,24378,23740,23143,22544,21945,21362,20815,20242,19682,19148,18621,18099,17575,17034,16508,16018,15549,15024,14556,14095,13601,13162,12724,12264,11818,11366,10959,10585,10214,9801,9418,9043,8697,8371,8043,7702,7362,6990,6667,6321,6054,5740,5414,5114,4872,4607,4333,4039,3785,3531,3298,3107,2935,2707,2460,2224,2005,1875,1780,1698,1614,1536,1469,1394,1316,1255,1107,814,625,545,526,526,526,524,520,506,352,188,43,1,0,0,0,0,0,0,0,0,0,0,0
1k1g,1000,160839,157212,153517,149665,145987,142273,138646,135058,131622,128123,124677,121275,117856,114640,111439,108224,105142,102093,99001,95979,93007,90139,87250,84442,81722,79024,76323,73703,71086,68546,66009,63560,61168,58975,56695,54529,52356,50260,48188,46195,44207,42354,40508,38635,36901,35210,33521,31858,30358,28882,27385,25976,24560,23145,21835,20552,19296,18146,17102,16101,15055,14131,13273,12435,11661,10869,10125,9397,8670,8048,7488,6910,6364,5813,5355,4591,3763,3355,3057,2103,1782,1673,1646,1372,1335,1062,883,714,631,630,97,0,0,0,0,0,0,0,0,0
1qtq,1320,91238,89122,87006,84970,82916,80900,78929,76943,75055,73140,71182,69375,67489,65696,63919,62244,60498,58854,57224,55589,53969,52378,50864,49362,47757,46207,44676,43218,41825,40417,39035,37762,36382,35068,33855,32675,31505,30322,29178,28041,26915,25885,24873,23811,22690,21718,20774,19848,18888,17992,17127,16216,15316,14425,13590,12791,12034,11325,10660,10081,9507,8970,8283,7691,7038,6403,6049,5707,5418,5126,4871,4652,4458,4190,4038,3566,2597,2009,1771,1699,1699,1699,1698,1696,1671,1129,643,182,0,0,0,0,0,0,0,0,0,0,0,0
1rkj,1100,115077,112599,110086,107593,105061,102687,100160,97835,95571,93153,90793,88460,86184,83961,81733,79559,77433,75243,73110,71056,68951,66862,64945,63008,61091,59195,57294,55378,53562,51756,49936,48234,46486,44905,43158,41494,40008,38352,36803,35381,33955,32457,31132,29734,28460,27275,26059,24808,23687,22582,21452,20341,19328,18340,17323,16356,15399,14504,13709,12959,12199,11467,10736,10126,9491,8892,8362,7788,7250,6761,6312,5855,5392,4920,4514,3905,3206,2804,2546,1751,1454,1376,1340,1159,1118,909,750,596,519,519,92,0,0,0,0,0,0,0,0,0
1si2,"0,89",12096,11827,11571,11320,11113,10888,10640,10417,10159,9910,9710,9499,9269,9063,8830,8619,8394,8195,7998,7810,7608,7424,7234,7042,6839,6646,6450,6255,6077,5904,5732,5580,5417,5257,5096,4940,4778,4610,4440,4252,4096,3955,3815,3702,3537,3385,3232,3097,2981,2833,2695,2572,2429,2317,2202,2069,1947,1846,1761,1663,1564,1480,1374,1283,1189,1082,1028,978,925,888,856,806,784,728,706,631,461,351,307,298,298,298,297,296,289,202,109,25,0,0,0,0,0,0,0,0,0,0,0,0
1si3,"2,18",22095,21630,21177,20688,20239,19770,19372,18889,18418,17977,17539,17096,16688,16244,15856,15455,15031,14638,14266,13878,13492,13141,12747,12348,11990,11605,11255,10901,10576,10257,9939,9628,9307,8982,8671,8370,8067,7762,7438,7178,6889,6663,6392,6131,5875,5616,5359,5113,4894,4659,4405,4184,3964,3758,3520,3317,3112,2929,2756,2612,2461,2320,2148,2002,1846,1689,1597,1523,1459,1382,1314,1264,1214,1131,1095,967,698,543,482,465,465,465,465,464,458,306,184,43,0,0,0,0,0,0,0,0,0,0,0,0
1u0b,270,83025,81227,79392,77473,75598,73726,71889,70167,68408,66598,64914,63230,61540,59904,58318,56714,55169,53570,52089,50593,49152,47718,46293,44853,43434,42057,40741,39431,38098,36840,35575,34339,33126,31922,30799,29686,28611,27481,26377,25336,24377,23472,22469,21495,20524,19561,18641,17787,16953,16142,15340,14569,13790,13025,12315,11633,10921,10239,9622,9067,8531,8028,7457,6904,6248,5653,5303,5044,4771,4532,4315,4132,3960,3714,3567,3145,2305,1798,1577,1511,1510,1510,1503,1499,1474,1028,584,156,0,0,0,0,0,0,0,0,0,0,0,0
1u6p,75,62576,61224,59901,58520,57183,55907,54656,53383,52113,50901,49748,48571,47344,46220,45091,43853,42672,41563,40427,39364,38225,37088,35967,34904,33881,32928,31866,30885,29911,28958,28020,27078,26181,25218,24323,23415,22581,21797,20935,20093,19278,18493,17680,16918,16234,15529,14812,14171,13551,12950,12342,11748,11109,10504,9863,9305,8781,8258,7793,7334,6894,6482,6092,5710,5343,5006,4704,4410,4115,3836,3588,3354,3118,2890,2661,2305,1884,1670,1489,1046,833,802,795,713,697,570,448,337,294,294,37,0,0,0,0,0,0,0,0,0
1wwd,250,63157,61804,60455,59095,57757,56392,55069,53764,52462,51169,49980,48715,47417,46187,44966,43809,42589,41404,40260,39076,37970,36898,35820,34741,33667,32656,31636,30587,29531,28563,27645,26695,25745,24798,23923,23072,22191,21330,20464,19609,18812,17995,17249,16492,15817,15093,14412,13736,13052,12438,11825,11166,10598,9968,9363,8803,8262,7790,7297,6909,6454,6102,5751,5385,5070,4759,4452,4187,3923,3647,3403,3155,2928,2681,2432,2109,1718,1533,1376,961,774,743,738,655,634,515,419,317,277,277,38,0,0,0,0,0,0,0,0,0
1wwe,170,66530,65106,63684,62237,60770,59343,57926,56528,55164,53818,52522,51272,50021,48718,47440,46161,44914,43713,42496,41316,40160,38960,37795,36631,35522,34412,33349,32257,31192,30172,29128,28121,27176,26213,25277,24331,23419,22539,21637,20818,20001,19116,18289,17464,16718,15952,15183,14506,13848,13200,12572,11969,11330,10677,10065,9481,8897,8373,7941,7522,7096,6670,6296,5892,5567,5243,4918,4612,4334,4044,3800,3550,3306,3029,2791,2394,1928,1740,1564,1096,876,845,837,743,721,583,472,373,317,317,38,0,0,0,0,0,0,0,0,0
1wwf,94,77801,76041,74229,72503,70855,69177,67447,65860,64219,62642,61051,59425,57875,56311,54752,53177,51669,50187,48781,47369,45963,44636,43254,41886,40572,39302,38043,36737,35543,34359,33155,32015,30930,29794,28669,27580,26582,25581,24546,23547,22592,21641,20735,19816,18926,18048,17267,16485,15753,15070,14384,13593,12880,12141,11397,10738,10149,9564,9039,8564,8055,7602,7171,6718,6337,5990,5670,5333,4966,4681,4397,4095,3817,3503,3214,2775,2251,2008,1805,1268,1016,980,972,854,833,673,554,437,377,377,49,0,0,0,0,0,0,0,0,0
1wwg,95,62218,60868,59478,58221,56910,55593,54288,52987,51702,50498,49252,48048,46840,45608,44408,43207,42080,40888,39801,38671,37558,36420,35375,34320,33220,32193,31148,30100,29130,28162,27228,26330,25398,24488,23621,22749,21884,21067,20244,19401,18629,17851,17077,16355,15676,14951,14292,13624,13026,12436,11842,11274,10674,10097,9541,9021,8498,7976,7530,7140,6735,6363,6006,5624,5316,4983,4679,4379,4092,3844,3616,3360,3140,2895,2685,2329,1865,1677,1508,1052,842,812,801,702,684,553,459,359,312,312,43,0,0,0,0,0,0,0,0,0
2b6g,30,33124,32473,31852,31226,30644,30002,29407,28816,28177,27547,26921,26291,25670,25069,24459,23881,23324,22729,22158,21617,21062,20499,19946,19356,18783,18248,17748,17216,16705,16186,15635,15136,14647,14128,13646,13201,12734,12292,11818,11353,10912,10478,10092,9687,9294,8899,8512,8125,7749,7422,7072,6711,6353,6016,5684,5354,5071,4778,4489,4230,3988,3803,3553,3369,3177,2984,2781,2621,2477,2339,2148,2014,1866,1693,1528,1318,1055,934,857,577,512,487,477,400,385,313,258,204,183,183,31,0,0,0,0,0,0,0,0,0
2err,"1,09",83501,81702,79900,78058,76301,74526,72743,71001,69232,67503,65835,64221,62622,60953,59322,57770,56149,54552,52994,51520,50017,48560,47132,45701,44286,42863,41496,40138,38799,37477,36131,34910,33588,32341,31113,29959,28901,27793,26642,25556,24472,23477,22449,21495,20530,19578,18710,17849,17004,16149,15314,14460,13677,12891,12122,11378,10665,10029,9391,8858,8277,7769,7279,6795,6368,5967,5572,5199,4862,4496,4135,3831,3498,3203,2919,2493,2029,1805,1668,1160,988,934,916,794,782,638,504,407,351,349,13,0,0,0,0,0,0,0,0,0
2f8k,25,16971,16650,16301,15965,15634,15296,14989,14679,14347,14014,13708,13352,13004,12675,12341,12048,11755,11477,11208,10932,10618,10316,10017,9719,9436,9131,8858,8559,8279,8015,7761,7544,7298,7037,6771,6536,6318,6097,5884,5663,5454,5228,5033,4860,4662,4444,4273,4078,3910,3729,3532,3348,3193,3007,2864,2687,2525,2349,2211,2078,1965,1834,1700,1579,1437,1291,1219,1152,1102,1049,998,961,908,865,828,725,545,409,363,350,350,350,350,350,342,230,125,27,0,0,0,0,0,0,0,0,0,0,0,0
2g4b,1800,15657,15359,15034,14732,14431,14139,13821,13525,13209,12878,12574,12257,11931,11642,11348,11068,10796,10533,10241,9959,9695,9408,9129,8873,8629,8364,8089,7827,7569,7324,7078,6828,6588,6354,6126,5906,5691,5481,5248,5053,4837,4615,4413,4237,4047,3860,3679,3527,3364,3197,3044,2894,2736,2584,2424,2273,2145,2015,1880,1792,1688,1610,1477,1363,1263,1180,1118,1059,1016,952,901,873,833,781,751,667,488,380,336,327,327,326,324,324,321,221,139,50,6,5,5,5,5,5,5,5,4,4,4,3
2hgh,8,161219,157610,154055,150462,146903,143337,139943,136504,133070,129740,126484,123239,119806,116656,113659,110628,107531,104540,101562,98566,95715,92914,90122,87377,84639,81904,79314,76659,74106,71620,69165,66669,64295,61873,59553,57315,55125,53005,51034,49100,47175,45277,43380,41604,39790,38007,36258,34669,33104,31519,29954,28380,26941,25466,23893,22461,21142,19957,18788,17615,16520,15548,14530,13593,12629,11756,10959,10153,9434,8812,8198,7626,7029,6334,5765,5019,4038,3576,3320,2335,1963,1893,1867,1683,1617,1344,997,732,657,653,35,0,0,0,0,0,0,0,0,0
2ihx,2,163683,159709,155844,152086,148294,144489,140833,137288,133633,130269,126789,123306,119953,116675,113399,110056,106964,103882,100870,97939,95010,92047,89221,86377,83526,80804,78100,75485,72984,70469,68024,65572,63253,60986,58696,56462,54380,52239,50131,48111,46103,44181,42303,40543,38790,37072,35442,33784,32243,30767,29241,27777,26295,24785,23364,21980,20661,19399,18320,17276,16285,15360,14411,13527,12638,11853,11063,10289,9602,8985,8457,7925,7368,6800,6193,5334,4410,3852,3433,2450,2041,1927,1908,1730,1692,1407,1077,749,663,663,115,0,0,0,0,0,0,0,0,0
2kfy,420,59953,58674,57432,56212,54920,53705,52528,51320,50132,49026,47937,46707,45584,44398,43242,42154,41123,40028,38934,37875,36810,35731,34678,33631,32604,31634,30649,29674,28708,27774,26854,25981,25112,24180,23328,22480,21625,20798,19980,19206,18419,17651,16901,16210,15496,14825,14166,13501,12896,12255,11656,11091,10486,9908,9366,8828,8307,7816,7330,6902,6500,6143,5758,5429,5071,4777,4453,4186,3885,3644,3369,3173,2925,2678,2412,2101,1664,1475,1361,949,786,761,751,657,641,527,423,324,283,283,12,0,0,0,0,0,0,0,0,0
2kg0,4600,56395,55190,54009,52881,51734,50569,49500,48389,47247,46083,44976,43909,42879,41866,40840,39800,38802,37760,36764,35715,34709,33734,32775,31854,30921,29973,29049,28121,27202,26275,25443,24601,23701,22818,22066,21269,20435,19630,18888,18108,17367,16637,15937,15285,14622,13997,13353,12741,12109,11539,10957,10371,9805,9248,8701,8195,7696,7249,6805,6379,6012,5660,5270,4973,4646,4376,4077,3839,3567,3323,3060,2864,2646,2404,2175,1878,1520,1334,1228,856,705,685,676,591,575,473,377,288,253,253,10,0,0,0,0,0,0,0,0,0
2kg1,420,69384,67912,66474,65004,63554,62140,60740,59267,57878,56540,55107,53694,52324,51033,49738,48448,47175,45927,44647,43351,42094,40886,39757,38609,37429,36344,35189,34141,33012,31829,30746,29692,28600,27597,26586,25605,24633,23678,22775,21864,21002,20118,19270,18463,17655,16883,16186,15462,14732,14033,13370,12657,11947,11294,10651,10028,9455,8876,8338,7854,7399,6962,6478,6121,5760,5411,5058,4756,4435,4150,3810,3535,3254,2965,2679,2333,1879,1667,1525,1059,886,851,835,714,697,570,465,361,321,321,11,0,0,0,0,0,0,0,0,0
2kh9,90000,69950,68529,66983,65565,64154,62688,61210,59760,58348,56895,55496,54073,52675,51369,50024,48666,47312,46031,44695,43471,42204,40974,39747,38481,37347,36115,34951,33822,32683,31627,30528,29425,28409,27351,26269,25269,24292,23361,22464,21539,20644,19749,19007,18159,17329,16560,15818,15115,14382,13662,12965,12324,11619,10970,10341,9715,9142,8601,8083,7644,7200,6754,6318,5935,5566,5184,4837,4484,4150,3885,3594,3371,3129,2884,2636,2303,1913,1646,1498,1044,882,827,817,697,687,561,464,348,310,310,52,0,0,0,0,0,0,0,0,0
2kxn,2250,87309,85381,83466,81475,79503,77575,75672,73854,72081,70318,68530,66809,65054,63372,61718,60003,58355,56694,55111,53526,52008,50521,49050,47538,46053,44612,43166,41743,40402,39021,37653,36342,35109,33823,32601,31336,30071,28902,27692,26600,25471,24438,23386,22389,21406,20422,19478,18625,17778,16912,16050,15175,14437,13621,12838,12077,11357,10645,10010,9414,8810,8299,7740,7271,6818,6400,5933,5553,5176,4872,4502,4182,3851,3489,3161,2762,2214,1970,1810,1261,1033,996,985,842,826,681,552,426,378,378,15,0,0,0,0,0,0,0,0,0
2l2k,370,107785,105381,103086,100721,98428,96102,93850,91598,89309,87202,85096,82998,80886,78788,76678,74679,72641,70624,68722,66739,64798,62987,61121,59271,57473,55704,53960,52159,50352,48593,46929,45364,43815,42282,40803,39325,37880,36476,35103,33796,32502,31293,30037,28839,27672,26514,25328,24226,23172,22147,21087,20064,19102,18064,17006,15955,15004,14168,13436,12537,11878,11175,10482,9800,9164,8528,7977,7381,6866,6499,6086,5719,5287,4754,4348,3805,3042,2619,2436,1770,1446,1399,1385,1243,1182,988,744,547,486,486,25,0,0,0,0,0,0,0,0,0
2l3c,330,92510,90653,88732,86842,84982,83136,81250,79366,77651,75877,74042,72295,70564,68755,67062,65435,63770,62079,60417,58739,57141,55548,54015,52504,50938,49430,47929,46434,44953,43480,42049,40637,39304,37918,36534,35170,33855,32595,31300,30150,29015,27954,26874,25888,24844,23898,22851,21812,20832,19928,18981,18031,17213,16314,15419,14562,13728,12933,12252,11464,10818,10209,9562,8965,8399,7842,7304,6780,6291,5932,5543,5177,4785,4316,3919,3447,2806,2397,2240,1594,1311,1277,1257,1123,1070,886,667,492,439,439,21,0,0,0,0,0,0,0,0,0
2l41,763000,45007,44082,43074,42210,41330,40416,39545,38641,37758,36898,36080,35202,34343,33470,32650,31759,30909,30068,29211,28377,27634,26843,26093,25326,24624,23847,23065,22316,21596,20894,20169,19435,18727,17985,17320,16604,16004,15370,14721,14147,13555,12981,12433,11873,11340,10845,10356,9897,9488,9080,8644,8218,7741,7271,6833,6453,6107,5802,5483,5173,4909,4635,4321,4052,3824,3600,3362,3141,2967,2784,2597,2440,2211,2003,1831,1578,1239,1135,1077,721,624,606,600,510,504,398,315,274,235,235,6,0,0,0,0,0,0,0,0,0
2lbs,34100,86938,85063,83125,81334,79595,77812,76067,74324,72539,70864,69172,67414,65807,64129,62530,60889,59262,57659,56162,54610,53103,51646,50032,48621,47195,45722,44412,42973,41693,40301,38983,37698,36437,35180,33954,32774,31583,30382,29285,28196,27108,26027,24981,24037,23085,22141,21223,20323,19423,18481,17610,16765,15908,15043,14259,13497,12704,11993,11351,10689,10067,9478,8897,8409,7943,7405,6954,6477,6010,5630,5263,4890,4523,4140,3825,3302,2732,2335,2136,1532,1267,1201,1184,1042,1000,835,640,468,412,412,60,0,0,0,0,0,0,0,0,0
2leb,270,98438,96241,94064,91810,89675,87583,85439,83379,81215,79164,77116,75058,73116,71132,69168,67245,65346,63477,61649,59866,58061,56214,54468,52744,51090,49440,47870,46323,44813,43281,41738,40224,38762,37349,35874,34492,33136,31866,30574,29265,27947,26818,25685,24569,23416,22340,21280,20318,19408,18490,17574,16571,15640,14748,13886,13027,12235,11483,10811,10149,9547,8965,8361,7892,7393,6989,6528,6131,5725,5384,4982,4657,4281,3852,3530,3062,2463,2175,2007,1382,1151,1118,1103,953,933,763,617,496,434,434,16,0,0,0,0,0,0,0,0,0
2lec,220,82473,80718,78882,77042,75238,73523,71656,69838,68167,66542,64860,63252,61632,59958,58308,56667,55048,53511,51972,50471,48981,47507,46078,44700,43302,41889,40488,39215,37892,36543,35308,34023,32806,31575,30395,29173,28064,26963,25863,24763,23711,22712,21736,20846,19933,19033,18170,17403,16577,15784,15031,14224,13481,12703,12024,11308,10676,10086,9516,8950,8415,7919,7410,7001,6599,6232,5818,5473,5077,4762,4425,4161,3818,3495,3218,2787,2245,1979,1828,1260,1052,1016,997,873,858,704,564,442,384,384,16,0,0,0,0,0,0,0,0,0
2li8,"0,16",91249,89197,87198,85201,83230,81328,79326,77330,75444,73456,71639,69800,68053,66258,64511,62783,61101,59377,57726,56108,54452,52827,51260,49792,48232,46700,45255,43793,42311,40946,39492,38070,36755,35453,34162,32898,31651,30417,29229,28093,26980,25843,24692,23639,22623,21666,20662,19715,18823,17960,17082,16171,15342,14500,13655,12845,12126,11361,10678,10067,9475,8948,8353,7869,7381,6920,6476,6102,5671,5312,4927,4607,4251,3882,3486,3035,2453,2171,1995,1390,1140,1111,1087,954,920,750,619,480,419,419,14,0,0,0,0,0,0,0,0,0
2lup,34100,103836,101421,99089,96814,94615,92402,90217,88120,86094,83930,81812,79722,77643,75609,73585,71672,69646,67737,65889,64010,62133,60344,58601,56907,55142,53379,51752,50063,48536,46980,45415,43909,42415,40959,39498,38069,36695,35293,34002,32784,31522,30269,29087,27933,26736,25649,24557,23431,22402,21342,20325,19325,18286,17264,16326,15451,14545,13669,12886,12197,11452,10778,10096,9512,8962,8386,7848,7289,6755,6295,5890,5456,4976,4626,4243,3671,3070,2613,2398,1715,1421,1342,1312,1154,1105,920,715,527,462,462,67,0,0,0,0,0,0,0,0,0
2m8d,800,77750,76072,74434,72778,71125,69522,67936,66407,64796,63223,61641,60123,58595,57070,55539,54099,52610,51154,49734,48363,47014,45638,44323,43044,41715,40441,39183,37988,36798,35582,34429,33190,32022,30910,29803,28680,27588,26540,25509,24533,23508,22507,21571,20665,19766,18889,18041,17266,16482,15670,14905,14112,13380,12621,11909,11162,10536,9904,9331,8790,8239,7807,7327,6911,6455,6060,5673,5312,4947,4589,4255,3963,3638,3324,3028,2646,2150,1873,1719,1214,1002,966,955,841,818,679,536,405,353,353,18,0,0,0,0,0,0,0,0,0
2mb0,18000,69098,67624,66149,64658,63182,61835,60435,59015,57575,56204,54812,53436,52127,50786,49519,48222,46952,45708,44423,43186,42006,40796,39573,38416,37235,36084,34920,33839,32734,31661,30577,29494,28480,27434,26372,25396,24385,23425,22466,21584,20709,19856,19026,18199,17396,16624,15952,15207,14506,13844,13176,12515,11804,11118,10474,9854,9239,8719,8215,7704,7251,6851,6421,6056,5706,5392,5022,4709,4415,4143,3836,3596,3334,3006,2723,2384,1913,1691,1586,1076,901,887,875,755,727,589,476,388,342,342,10,0,0,0,0,0,0,0,0,0
2mjh,61,143125,139844,136551,133343,130152,126926,123850,120758,117706,114600,111675,108645,105737,102973,100073,97320,94522,91774,89080,86494,83912,81298,78781,76454,73935,71560,69151,66897,64624,62431,60279,58087,55959,53843,51674,49534,47466,45527,43662,41924,40133,38388,36705,35032,33479,31897,30407,28949,27536,26280,24944,23653,22312,21031,19791,18621,17447,16435,15387,14448,13604,12830,12019,11293,10599,9968,9302,8699,8107,7578,6958,6499,6041,5417,4906,4232,3384,2996,2773,1914,1609,1568,1542,1309,1272,1025,841,693,606,606,18,0,0,0,0,0,0,0,0,0
2mki,15800,95781,93688,91671,89666,87677,85651,83656,81631,79705,77811,75903,74052,72178,70358,68472,66635,64915,63137,61374,59616,57943,56237,54561,52888,51278,49617,47987,46447,45036,43539,42079,40554,39105,37706,36269,34867,33514,32164,30908,29662,28441,27279,26189,25045,23887,22849,21826,20831,19871,18927,17967,17023,16153,15258,14368,13506,12743,11992,11262,10616,9988,9420,8816,8265,7747,7343,6834,6409,5976,5586,5161,4787,4420,3988,3634,3202,2572,2262,2113,1388,1191,1164,1155,998,967,779,619,524,459,459,12,0,0,0,0,0,0,0,0,0
2mkk,1580,110185,107656,105159,102776,100351,98000,95628,93325,90927,88715,86406,84160,81953,79805,77585,75460,73434,71357,69347,67323,65307,63377,61439,59527,57643,55758,53954,52238,50369,48559,46882,45172,43491,41842,40208,38627,37062,35647,34215,32802,31427,30054,28729,27531,26299,25125,23986,22913,21818,20748,19712,18687,17675,16578,15667,14678,13817,13043,12291,11573,10880,10267,9634,9041,8483,8025,7479,6992,6563,6138,5664,5290,4868,4335,3955,3475,2733,2449,2285,1501,1299,1282,1265,1085,1059,851,685,579,499,499,12,0,0,0,0,0,0,0,0,0
2mqv,33,88545,86561,84512,82509,80577,78674,76904,75022,73176,71365,69550,67826,66078,64328,62663,60971,59370,57716,56119,54514,52994,51503,50013,48496,47028,45538,44116,42694,41318,39981,38682,37370,36124,34839,33594,32355,31199,30049,28882,27732,26635,25601,24570,23571,22580,21647,20695,19779,18882,17997,17121,16247,15398,14542,13699,12906,12164,11498,10906,10250,9645,9072,8523,7986,7444,7015,6606,6157,5775,5419,5025,4687,4291,3892,3587,3098,2515,2231,2077,1462,1224,1164,1147,1033,995,825,623,483,414,414,16,0,0,0,0,0,0,0,0,0
2ms1,4,58513,57260,55964,54661,53456,52249,51039,49802,48580,47375,46171,44991,43782,42676,41587,40508,39415,38350,37273,36221,35249,34253,33241,32241,31229,30299,29309,28421,27523,26613,25705,24825,23943,23098,22281,21442,20638,19870,19130,18403,17664,16977,16280,15614,14943,14341,13686,13122,12578,12007,11387,10789,10234,9685,9112,8610,8152,7704,7292,6871,6510,6147,5786,5473,5166,4867,4576,4299,4039,3767,3500,3278,3038,2750,2536,2208,1763,1587,1466,1038,869,828,819,738,708,591,450,339,298,298,12,0,0,0,0,0,0,0,0,0
2mtv,103,52807,51733,50656,49548,48460,47377,46379,45389,44391,43407,42395,41375,40393,39426,38450,37446,36525,35626,34709,33818,32937,32045,31175,30301,29440,28634,27816,26989,26210,25418,24628,23777,22951,22173,21389,20641,19897,19166,18448,17746,17051,16402,15748,15120,14490,13825,13229,12626,12061,11515,10949,10384,9870,9294,8761,8236,7809,7379,6936,6520,6146,5845,5465,5168,4851,4567,4292,4013,3758,3545,3244,3053,2832,2553,2336,2030,1639,1436,1343,925,770,755,745,635,611,490,398,335,295,295,9,0,0,0,0,0,0,0,0,0
2mxy,2000,107079,104639,102257,99817,97501,95149,92854,90516,88173,85994,83737,81589,79491,77343,75336,73298,71260,69277,67246,65242,63263,61370,59586,57667,55870,54074,52272,50497,48911,47244,45593,43923,42350,40722,39263,37738,36279,34863,33439,32038,30718,29381,28141,26949,25744,24570,23454,22340,21285,20245,19188,18174,17158,16169,15214,14342,13488,12697,11924,11198,10516,9920,9235,8667,8132,7658,7160,6700,6264,5843,5383,5007,4654,4156,3757,3242,2571,2307,2144,1479,1234,1200,1189,1008,975,780,642,536,464,464,12,0,0,0,0,0,0,0,0,0
2mz1,11000,77407,75741,74014,72331,70676,69018,67355,65715,64123,62560,61012,59420,57840,56347,54858,53362,51899,50483,49063,47684,46275,44939,43637,42256,40955,39642,38396,37128,35950,34749,33546,32382,31208,30049,28929,27877,26810,25738,24747,23738,22757,21816,20870,19952,19107,18320,17481,16750,15973,15150,14401,13608,12834,12110,11431,10808,10100,9537,8965,8437,7956,7496,7006,6544,6140,5807,5399,5052,4746,4419,4094,3820,3519,3159,2878,2506,1967,1773,1659,1125,951,928,918,779,754,604,495,420,362,362,8,0,0,0,0,0,0,0,0,0
2n82,"21,5",154962,151487,147993,144404,140950,137512,134115,130785,127565,124348,121209,118048,114958,111952,108901,105881,102925,99998,97132,94292,91515,88863,86224,83649,81117,78521,75882,73356,70860,68456,66100,63795,61479,59155,56889,54798,52662,50594,48650,46782,44824,42933,41146,39414,37728,36039,34482,32910,31382,29918,28471,27026,25525,24184,22859,21470,20204,19053,17950,16860,15844,14903,13941,13035,12212,11408,10625,9836,9118,8450,7814,7267,6674,6065,5553,4798,3904,3440,3174,2246,1881,1778,1756,1558,1518,1247,952,730,632,632,31,0,0,0,0,0,0,0,0,0
2rqc,1900,93278,91176,89069,87103,85016,83034,81017,78995,77050,75119,73196,71301,69434,67618,65844,64052,62265,60608,58859,57122,55380,53811,52221,50669,49142,47643,46154,44617,43142,41622,40142,38748,37360,35967,34577,33233,31928,30591,29372,28163,27000,25812,24690,23542,22471,21457,20414,19489,18576,17626,16726,15819,14863,13986,13170,12359,11610,10935,10298,9720,9135,8568,8025,7526,7066,6610,6145,5753,5364,5005,4597,4294,3923,3527,3233,2786,2193,2024,1896,1270,1104,1066,1050,906,881,708,562,474,411,411,15,0,0,0,0,0,0,0,0,0
2rra,1500,85798,83832,81900,79994,78134,76285,74414,72661,70839,69073,67401,65626,63859,62146,60420,58792,57195,55620,54003,52365,50830,49260,47718,46241,44822,43417,41972,40568,39212,37881,36578,35197,33865,32577,31373,30117,28929,27729,26561,25418,24340,23251,22194,21205,20233,19310,18421,17545,16724,15912,15109,14291,13475,12675,11919,11157,10497,9840,9226,8717,8182,7667,7148,6700,6283,5904,5462,5109,4794,4483,4166,3885,3517,3197,2882,2501,2021,1839,1719,1162,1000,965,953,817,805,659,520,421,372,372,13,0,0,0,0,0,0,0,0,0
2ru3,565,84880,83001,81077,79172,77246,75457,73699,71888,70105,68288,66614,64858,63139,61517,59916,58321,56684,55024,53467,51896,50365,48914,47483,46040,44602,43204,41851,40475,39073,37804,36599,35291,34050,32840,31668,30462,29342,28175,27014,25892,24787,23769,22767,21782,20888,19966,19045,18153,17270,16431,15632,14789,13970,13116,12332,11591,10937,10273,9666,9116,8565,8084,7526,7090,6662,6303,5864,5512,5136,4784,4402,4118,3785,3428,3131,2693,2176,1964,1838,1255,1072,1035,1019,876,858,693,553,456,399,399,15,0,0,0,0,0,0,0,0,0
2xc7,6500,68224,66766,65384,64000,62524,61148,59713,58279,56843,55420,54019,52670,51378,50085,48759,47454,46143,44893,43551,42269,41057,39831,38651,37503,36343,35248,34119,33001,31977,30896,29840,28829,27791,26778,25781,24802,23842,22902,21990,21095,20237,19397,18550,17742,16974,16230,15516,14879,14154,13514,12879,12181,11558,10935,10317,9683,9138,8633,8102,7629,7165,6751,6319,5893,5520,5179,4856,4524,4194,3927,3624,3363,3138,2788,2546,2177,1774,1557,1445,984,854,805,786,665,651,513,432,345,298,298,42,0,0,0,0,0,0,0,0,0
2xfm,900,51290,50202,49187,48181,47127,46080,45062,44091,43067,42066,41058,40014,39098,38142,37185,36254,35318,34436,33500,32607,31704,30826,29954,29099,28263,27420,26588,25779,24977,24160,23404,22593,21814,21022,20278,19594,18912,18245,17556,16853,16177,15536,14894,14261,13693,13134,12565,12036,11489,10974,10476,9942,9463,8955,8477,8029,7606,7210,6792,6445,6103,5743,5435,5151,4852,4570,4317,4034,3783,3563,3291,3094,2903,2625,2400,2102,1694,1472,1384,966,825,789,778,662,647,523,420,332,298,298,43,0,0,0,0,0,0,0,0,0
2xnr,110000,9746,9560,9399,9202,9017,8848,8650,8466,8294,8113,7950,7755,7591,7423,7251,7071,6892,6739,6545,6383,6211,6037,5866,5699,5533,5348,5191,5028,4879,4726,4567,4420,4264,4108,3946,3812,3662,3516,3386,3245,3117,2981,2848,2736,2607,2517,2404,2295,2179,2080,1966,1857,1752,1652,1554,1458,1376,1305,1213,1161,1093,1019,946,871,808,741,699,672,661,629,601,565,530,498,486,421,288,233,212,211,211,211,211,211,206,133,76,30,0,0,0,0,0,0,0,0,0,0,0,0
2xs2,"38,2",15897,15574,15232,14928,14589,14253,13917,13611,13286,12987,12695,12435,12094,11808,11513,11246,10942,10661,10356,10097,9829,9576,9304,9064,8808,8502,8249,7977,7722,7441,7192,6947,6699,6488,6224,6008,5765,5539,5306,5074,4866,4645,4447,4285,4120,3941,3774,3632,3465,3308,3115,2935,2763,2602,2455,2307,2178,2057,1926,1820,1709,1595,1485,1372,1255,1151,1088,1036,1009,965,924,881,832,776,757,663,468,380,343,335,334,330,329,328,320,219,114,44,7,7,6,5,5,3,2,2,2,2,2,1
2xzl,202,32249,31522,30787,30064,29321,28621,27887,27209,26506,25838,25186,24569,23905,23271,22628,22009,21343,20713,20113,19537,18977,18413,17869,17283,16746,16223,15708,15219,14725,14254,13799,13334,12828,12386,11930,11481,11063,10632,10201,9811,9394,9011,8634,8292,7917,7541,7186,6853,6540,6219,5911,5621,5283,4990,4700,4386,4123,3925,3680,3500,3308,3150,2926,2734,2528,2334,2227,2131,2033,1928,1820,1731,1650,1532,1490,1294,921,724,652,649,649,649,649,649,641,398,234,89,0,0,0,0,0,0,0,0,0,0,0,0
2y8w,"2,6",47968,46855,45750,44671,43627,42540,41512,40460,39481,38441,37445,36438,35382,34451,33528,32620,31735,30832,29969,29087,28249,27434,26630,25803,25028,24236,23462,22725,22036,21306,20631,19917,19231,18539,17871,17212,16587,15961,15347,14740,14120,13553,12983,12465,11906,11371,10854,10317,9837,9382,8885,8385,7884,7428,6999,6593,6171,5773,5381,5067,4760,4490,4170,3869,3521,3191,3030,2855,2708,2575,2425,2306,2207,2069,2005,1773,1291,1006,880,851,851,851,850,849,838,554,316,95,0,0,0,0,0,0,0,0,0,0,0,0
2yh1,1320,114218,111679,109184,106562,104078,101709,99345,96974,94667,92298,89893,87563,85375,83180,81085,78842,76743,74542,72430,70240,68084,66118,64150,62240,60324,58403,56553,54691,52805,51046,49377,47651,45936,44247,42619,41058,39425,37828,36276,34776,33293,31879,30561,29224,27943,26736,25486,24354,23275,22167,21084,20038,18946,17853,16829,15872,14936,14138,13299,12576,11843,11162,10472,9839,9288,8757,8210,7632,7125,6728,6210,5817,5446,4870,4438,3899,3097,2750,2567,1766,1505,1424,1410,1223,1192,960,805,644,552,551,104,1,0,0,0,0,0,0,0,0
3am1,39,52440,51322,50129,49000,47853,46701,45560,44484,43393,42303,41303,40277,39277,38232,37218,36223,35255,34302,33362,32463,31539,30612,29790,28906,27992,27119,26264,25459,24650,23844,23086,22342,21589,20876,20155,19436,18763,18114,17440,16806,16175,15552,14961,14379,13806,13205,12617,12059,11519,10973,10456,9923,9383,8906,8416,7932,7484,7007,6609,6178,5812,5486,5098,4737,4277,3864,3597,3408,3221,3047,2895,2757,2654,2489,2401,2098,1591,1181,1031,994,994,994,994,992,970,689,369,94,0,0,0,0,0,0,0,0,0,0,0,0
3bsb,"23,9",35874,35159,34464,33755,33051,32343,31634,30905,30176,29439,28682,27930,27211,26496,25752,25014,24295,23567,22862,22182,21542,20921,20239,19579,18941,18334,17783,17206,16603,16072,15508,14977,14455,13960,13453,12940,12464,12012,11561,11156,10710,10293,9886,9496,9083,8700,8306,7935,7562,7205,6847,6466,6094,5745,5431,5078,4776,4472,4198,3965,3748,3547,3270,3042,2809,2591,2422,2270,2126,2000,1909,1819,1747,1647,1583,1375,1001,802,706,683,683,683,679,679,670,449,279,96,0,0,0,0,0,0,0,0,0,0,0,0
3egz,"0,6",31922,31198,30528,29842,29161,28527,27907,27256,26636,26032,25370,24732,24112,23522,22930,22364,21760,21211,20643,20084,19530,18968,18457,17952,17409,16872,16377,15875,15377,14887,14449,13995,13534,13057,12631,12191,11782,11334,10933,10545,10163,9754,9399,9026,8628,8270,7901,7565,7255,6911,6573,6246,5939,5613,5309,5006,4721,4416,4122,3880,3645,3447,3203,2946,2681,2420,2275,2181,2076,1967,1888,1806,1737,1638,1549,1375,1046,771,669,650,650,650,650,650,629,442,240,61,2,0,0,0,0,0,0,0,0,0,0,0
3i5x,2,33250,32521,31774,31046,30312,29547,28844,28164,27461,26771,26083,25416,24765,24107,23441,22802,22202,21565,20978,20390,19793,19182,18577,18017,17453,16931,16384,15871,15323,14791,14295,13840,13370,12870,12416,11923,11511,11086,10663,10237,9814,9421,9041,8651,8265,7871,7526,7173,6823,6481,6150,5819,5458,5137,4827,4552,4262,3992,3752,3533,3338,3193,2951,2698,2494,2302,2180,2067,1961,1865,1778,1695,1607,1514,1474,1271,906,721,651,642,640,639,637,635,625,397,227,93,6,6,6,5,5,4,4,4,4,4,4,4
3irw,"0,01",32025,31283,30589,29887,29185,28487,27866,27182,26466,25803,25135,24499,23862,23250,22656,22024,21447,20880,20266,19682,19112,18523,17936,17352,16776,16258,15707,15198,14738,14258,13797,13353,12920,12443,11960,11517,11071,10663,10266,9915,9531,9172,8796,8468,8101,7752,7399,7095,6766,6453,6162,5870,5562,5254,4985,4702,4431,4181,3923,3676,3427,3265,3016,2804,2562,2331,2211,2104,1986,1911,1820,1748,1668,1547,1483,1295,949,725,647,620,620,620,619,618,604,412,230,56,0,0,0,0,0,0,0,0,0,0,0,0
3k5q,"45,8",31912,31266,30634,30010,29402,28754,28115,27543,26947,26311,25647,25016,24324,23674,23022,22384,21740,21171,20569,20008,19400,18836,18252,17708,17172,16602,16064,15535,15025,14538,14079,13568,13107,12699,12269,11814,11369,10948,10563,10168,9775,9385,9037,8678,8318,7961,7615,7310,6964,6640,6290,5958,5610,5315,4999,4681,4373,4117,3884,3657,3430,3230,2945,2729,2519,2281,2148,2039,1899,1796,1700,1640,1576,1485,1451,1257,910,730,651,628,628,628,626,626,623,409,255,81,0,0,0,0,0,0,0,0,0,0,0,0
3k5y,"33,2",33210,32517,31852,31186,30545,29876,29249,28599,27990,27322,26663,25977,25317,24611,23921,23231,22576,21945,21312,20726,20139,19555,18936,18340,17763,17240,16655,16115,15577,15074,14588,14073,13592,13086,12631,12174,11751,11309,10886,10459,10068,9676,9301,8929,8555,8186,7813,7455,7104,6751,6397,6073,5724,5395,5086,4778,4465,4196,3942,3726,3511,3305,3027,2783,2560,2328,2204,2075,1939,1833,1743,1661,1604,1511,1477,1276,922,742,666,639,639,639,637,636,631,414,267,83,0,0,0,0,0,0,0,0,0,0,0,0
3k5z,"39,4",32252,31619,30951,30343,29711,29071,28450,27853,27217,26581,25954,25294,24680,23959,23246,22627,22020,21387,20803,20222,19637,19072,18460,17888,17324,16796,16278,15730,15202,14711,14220,13765,13269,12795,12355,11936,11491,11072,10632,10223,9858,9485,9122,8776,8431,8028,7672,7339,7028,6671,6301,5972,5649,5344,5016,4728,4405,4121,3870,3623,3412,3202,2942,2719,2506,2274,2137,2031,1905,1804,1698,1633,1572,1475,1444,1270,907,723,648,625,625,625,623,623,619,407,258,80,0,0,0,0,0,0,0,0,0,0,0,0
3k61,"96,9",32310,31679,31046,30371,29745,29101,28485,27884,27241,26638,25968,25308,24621,23955,23306,22637,22041,21377,20792,20178,19557,18993,18402,17838,17264,16707,16174,15655,15164,14675,14189,13683,13235,12752,12322,11873,11495,11091,10676,10266,9893,9514,9117,8783,8441,8062,7709,7380,7066,6697,6325,6005,5644,5337,5017,4711,4409,4107,3861,3646,3423,3204,2938,2722,2500,2262,2127,2004,1886,1787,1694,1623,1560,1472,1437,1242,911,722,653,621,621,621,619,619,610,407,262,78,0,0,0,0,0,0,0,0,0,0,0,0
3k62,127,33615,32938,32258,31556,30879,30208,29564,28877,28217,27560,26884,26195,25499,24781,24098,23397,22750,22102,21516,20892,20286,19710,19093,18476,17891,17322,16784,16203,15656,15156,14650,14145,13649,13156,12695,12267,11813,11382,10972,10511,10128,9716,9348,8962,8600,8234,7855,7509,7166,6798,6459,6137,5791,5447,5115,4820,4518,4225,3972,3750,3534,3312,3015,2786,2566,2341,2187,2080,1953,1848,1746,1678,1598,1514,1477,1280,930,740,663,640,640,640,638,636,631,414,264,87,0,0,0,0,0,0,0,0,0,0,0,0
3k64,"52,9",33929,33232,32524,31809,31112,30463,29794,29143,28475,27797,27089,26405,25676,25004,24340,23646,22969,22330,21688,21091,20488,19860,19223,18622,18037,17474,16923,16357,15831,15333,14838,14302,13772,13298,12834,12384,11914,11487,11046,10621,10219,9803,9409,9060,8695,8312,7936,7580,7236,6890,6542,6197,5872,5515,5195,4866,4560,4261,4001,3773,3559,3335,3060,2803,2590,2348,2215,2101,1968,1854,1753,1685,1617,1520,1489,1296,939,743,666,642,642,642,639,639,632,414,268,88,0,0,0,0,0,0,0,0,0,0,0,0
3kjo,70,5708,5606,5513,5421,5324,5229,5149,5062,4978,4877,4797,4710,4599,4475,4380,4292,4198,4114,4036,3937,3853,3759,3663,3557,3453,3361,3276,3190,3098,3018,2923,2840,2754,2662,2581,2497,2405,2321,2257,2184,2102,2038,1957,1876,1792,1730,1644,1576,1513,1450,1382,1321,1254,1191,1116,1041,985,930,870,827,770,726,678,626,584,543,517,489,458,435,414,387,370,345,333,296,206,161,144,141,141,141,140,140,138,95,56,16,0,0,0,0,0,0,0,0,0,0,0,0
3moj,"0,054",26793,26187,25589,25010,24452,23881,23349,22808,22305,21822,21292,20807,20318,19832,19358,18847,18348,17928,17506,17019,16590,16160,15714,15279,14867,14449,14031,13608,13212,12827,12455,12056,11688,11279,10894,10507,10156,9829,9454,9117,8760,8423,8097,7792,7452,7123,6821,6513,6237,5946,5651,5381,5080,4860,4612,4316,4075,3847,3635,3454,3279,3111,2915,2729,2516,2305,2179,2085,1991,1901,1789,1705,1616,1527,1468,1284,932,720,633,611,611,611,611,611,591,401,213,61,0,0,0,0,0,0,0,0,0,0,0,0
3nmr,650,13841,13552,13247,12960,12671,12379,12082,11828,11523,11237,10963,10710,10459,10207,9935,9667,9411,9151,8883,8644,8425,8154,7903,7684,7453,7217,6969,6724,6493,6284,6056,5843,5643,5423,5211,5028,4829,4660,4466,4280,4100,3940,3797,3651,3499,3338,3169,3043,2904,2784,2643,2504,2354,2228,2117,1997,1885,1767,1651,1578,1508,1419,1330,1227,1137,1044,995,954,909,870,825,793,753,711,685,602,438,334,300,296,296,296,295,295,290,188,106,38,0,0,0,0,0,0,0,0,0,0,0,0
3o3i,16600,13876,13608,13336,13042,12749,12457,12159,11889,11596,11312,11065,10799,10524,10273,10024,9768,9528,9284,9039,8800,8549,8330,8107,7904,7651,7429,7194,6986,6773,6559,6340,6127,5923,5731,5530,5356,5146,4928,4746,4571,4393,4222,4059,3890,3714,3548,3378,3235,3106,2963,2812,2660,2522,2382,2253,2100,1979,1873,1765,1668,1568,1493,1358,1274,1174,1086,1031,989,942,898,862,831,797,742,725,619,445,346,315,309,309,309,308,307,302,203,132,34,0,0,0,0,0,0,0,0,0,0,0,0
3o6e,6500,7842,7685,7535,7390,7256,7109,6959,6807,6653,6507,6352,6215,6083,5941,5799,5663,5527,5388,5263,5134,5004,4862,4743,4610,4503,4370,4252,4140,4027,3926,3811,3696,3565,3441,3333,3243,3152,3030,2923,2818,2704,2611,2515,2411,2322,2216,2128,2061,1990,1907,1829,1744,1657,1571,1491,1413,1334,1263,1203,1150,1095,1051,976,923,847,788,755,731,700,664,638,618,595,558,544,467,340,263,239,233,233,233,233,233,229,156,100,24,0,0,0,0,0,0,0,0,0,0,0,0
3q0q,"0,17",37684,36937,36175,35459,34734,33936,33218,32510,31812,31083,30350,29590,28858,28130,27366,26600,25830,25043,24282,23554,22905,22259,21603,20927,20265,19631,18951,18306,17737,17121,16522,15959,15392,14853,14333,13808,13302,12794,12299,11830,11405,10943,10508,10070,9647,9224,8765,8398,8021,7635,7239,6840,6442,6063,5696,5355,4979,4624,4344,4100,3878,3669,3334,3088,2828,2572,2409,2262,2117,1990,1883,1802,1730,1626,1582,1388,1012,801,713,682,682,682,680,678,675,446,299,91,0,0,0,0,0,0,0,0,0,0,0,0
3q0r,"0,08",37214,36481,35718,35028,34291,33550,32859,32138,31419,30677,29953,29211,28503,27747,27018,26268,25513,24714,23988,23281,22635,21959,21292,20670,19979,19394,18716,18127,17527,16926,16333,15768,15161,14625,14142,13642,13117,12624,12148,11686,11230,10793,10368,9958,9553,9106,8701,8328,7930,7542,7121,6748,6335,5975,5622,5257,4934,4614,4326,4059,3824,3617,3285,3047,2798,2545,2363,2220,2084,1964,1852,1781,1713,1604,1572,1371,1006,797,710,676,675,675,672,671,663,441,299,91,0,0,0,0,0,0,0,0,0,0,0,0
3q0s,"11,07",33237,32600,31895,31277,30598,29942,29305,28665,28026,27398,26712,26033,25368,24756,24062,23432,22751,22105,21456,20876,20313,19746,19109,18531,17937,17340,16805,16270,15718,15210,14707,14199,13660,13184,12736,12305,11820,11372,10918,10527,10136,9774,9414,9022,8660,8289,7911,7577,7221,6883,6533,6163,5821,5478,5152,4817,4505,4231,3964,3731,3524,3338,3046,2791,2551,2328,2203,2085,1947,1820,1724,1657,1588,1490,1463,1277,934,733,655,633,633,633,631,629,622,411,274,86,0,0,0,0,0,0,0,0,0,0,0,0
3qg9,18,34621,33948,33259,32565,31859,31179,30521,29865,29177,28504,27861,27122,26395,25660,24957,24244,23533,22905,22236,21622,21025,20416,19802,19178,18558,17936,17361,16776,16212,15716,15193,14672,14179,13687,13211,12725,12225,11805,11354,10907,10495,10091,9700,9348,8938,8555,8163,7779,7371,7030,6688,6334,5945,5635,5302,4974,4640,4332,4053,3848,3605,3384,3110,2877,2642,2404,2272,2129,2008,1901,1788,1713,1641,1546,1510,1305,936,757,674,651,651,651,648,648,641,419,272,88,0,0,0,0,0,0,0,0,0,0,0,0
3qgb,"3,5",32990,32320,31681,31019,30370,29747,29075,28452,27827,27167,26517,25831,25166,24500,23833,23166,22522,21881,21261,20656,20051,19502,18901,18357,17751,17187,16640,16093,15549,15040,14534,14065,13598,13094,12652,12201,11772,11344,10918,10490,10072,9675,9318,8962,8576,8215,7823,7461,7129,6789,6433,6075,5725,5413,5103,4817,4479,4190,3940,3715,3508,3296,3033,2790,2571,2343,2204,2077,1945,1838,1749,1671,1609,1508,1475,1288,943,740,661,635,635,635,633,632,627,416,278,83,0,0,0,0,0,0,0,0,0,0,0,0
3qgc,"8,8",33105,32375,31733,31050,30401,29752,29125,28510,27887,27248,26558,25887,25217,24500,23856,23173,22490,21896,21298,20714,20130,19534,18952,18354,17766,17193,16669,16094,15533,15014,14554,14036,13553,13093,12639,12169,11728,11278,10798,10380,9981,9597,9252,8893,8528,8161,7792,7458,7107,6759,6428,6078,5719,5387,5070,4774,4462,4194,3933,3715,3493,3301,3029,2779,2566,2314,2180,2067,1955,1835,1737,1663,1603,1501,1467,1290,944,732,654,633,633,633,630,630,626,416,273,84,0,0,0,0,0,0,0,0,0,0,0,0
3r9w,"12,6",42305,41433,40533,39576,38632,37780,36869,36034,35189,34339,33529,32653,31861,30999,30179,29398,28668,27901,27165,26406,25674,24977,24255,23571,22924,22264,21577,20885,20252,19594,18999,18383,17779,17193,16618,16056,15497,14881,14311,13797,13257,12679,12188,11700,11195,10701,10199,9735,9255,8769,8355,7871,7391,7009,6583,6202,5847,5444,5127,4837,4543,4269,3952,3684,3368,3078,2904,2768,2648,2516,2392,2267,2174,2034,1955,1723,1260,968,846,823,823,823,823,821,809,528,287,86,0,0,0,0,0,0,0,0,0,0,0,0
3u4m,"0,00214",60114,58725,57353,55993,54648,53324,52032,50689,49372,48097,46851,45714,44496,43305,42088,40964,39829,38715,37611,36505,35419,34407,33414,32343,31322,30292,29351,28318,27327,26389,25471,24613,23737,22911,22053,21235,20451,19685,18882,18130,17365,16637,15938,15293,14574,13912,13250,12597,12006,11413,10811,10209,9619,9084,8570,8065,7599,7089,6668,6261,5851,5490,5046,4699,4253,3830,3603,3414,3246,3085,2928,2804,2678,2529,2431,2133,1597,1211,1058,1011,1011,1011,1010,1009,989,698,379,80,0,0,0,0,0,0,0,0,0,0,0,0
3uzt,35,14172,13849,13551,13258,12988,12701,12368,12070,11817,11471,11176,10881,10574,10291,10055,9802,9556,9322,9062,8799,8541,8337,8057,7814,7575,7336,7109,6874,6634,6438,6234,6048,5817,5626,5411,5212,5003,4814,4617,4443,4262,4074,3886,3721,3567,3413,3264,3105,2966,2802,2661,2510,2380,2244,2122,2005,1882,1787,1700,1616,1531,1466,1370,1284,1199,1112,1044,998,958,922,884,849,810,772,741,634,463,376,340,324,324,324,323,322,318,197,115,43,0,0,0,0,0,0,0,0,0,0,0,0
3v6y,"3,9",38198,37375,36642,35859,35074,34336,33586,32775,32053,31333,30559,29770,29025,28205,27444,26675,25879,25188,24479,23768,23088,22384,21740,21096,20369,19718,19094,18447,17856,17297,16725,16127,15574,15052,14512,13973,13472,12969,12461,11984,11521,11098,10646,10265,9830,9360,8953,8548,8135,7788,7363,6954,6539,6204,5855,5493,5109,4777,4471,4221,3990,3754,3472,3199,2950,2692,2514,2351,2209,2083,1982,1906,1825,1703,1658,1420,1019,828,737,716,716,716,711,711,701,467,298,89,0,0,0,0,0,0,0,0,0,0,0,0
3v71,"7,4",28157,27549,26959,26366,25754,25194,24596,24028,23473,22938,22371,21832,21264,20648,20076,19518,18968,18426,17890,17406,16884,16359,15876,15350,14910,14434,13960,13465,13035,12660,12240,11800,11381,10990,10602,10228,9860,9528,9159,8796,8463,8100,7816,7542,7204,6900,6570,6269,5988,5701,5402,5109,4834,4532,4288,4008,3744,3511,3247,3061,2890,2717,2500,2284,2100,1920,1814,1712,1602,1515,1448,1389,1342,1244,1210,1060,769,603,537,520,520,520,520,519,512,339,222,66,0,0,0,0,0,0,0,0,0,0,0,0
3v74,"3,01",41655,40761,39901,39019,38165,37325,36513,35698,34896,34063,33243,32376,31537,30615,29820,28941,28121,27300,26556,25782,25012,24244,23494,22756,22043,21364,20613,19935,19305,18666,18050,17427,16800,16205,15616,15036,14501,13977,13401,12862,12373,11917,11435,10998,10512,10022,9585,9135,8710,8255,7807,7402,6978,6586,6205,5839,5440,5090,4761,4510,4253,3981,3685,3414,3155,2840,2666,2502,2348,2213,2108,2023,1945,1817,1778,1538,1107,889,792,765,765,765,764,758,747,497,312,94,0,0,0,0,0,0,0,0,0,0,0,0
4bs2,"26,9",154561,151028,147533,144078,140734,137238,133827,130497,127204,124025,120687,117466,114329,111230,108075,104987,102013,99114,96181,93320,90466,87630,84945,82196,79691,77136,74555,72044,69602,67156,64603,62176,59918,57667,55408,53169,51135,49083,46989,45053,43103,41166,39430,37690,36019,34382,32821,31314,29899,28464,27001,25605,24240,22893,21541,20229,19059,17907,16782,15760,14804,13940,13022,12268,11463,10840,10098,9453,8852,8294,7608,7128,6579,5908,5407,4707,3740,3349,3099,2078,1771,1725,1704,1481,1434,1164,935,739,653,653,19,0,0,0,0,0,0,0,0,0
4bw0,"0,01",22902,22426,21912,21425,20951,20488,19993,19521,19034,18613,18209,17745,17293,16821,16355,15923,15509,15087,14691,14267,13866,13471,13093,12704,12289,11931,11539,11222,10900,10555,10214,9865,9539,9209,8870,8550,8257,7958,7702,7418,7152,6888,6611,6334,6035,5789,5533,5289,5040,4813,4581,4345,4123,3890,3690,3470,3246,3025,2826,2681,2520,2390,2213,2077,1873,1677,1582,1490,1417,1346,1269,1204,1163,1111,1068,933,707,536,468,441,441,441,441,440,434,300,162,39,0,0,0,0,0,0,0,0,0,0,0,0
4cio,1,78408,76652,74888,73154,71426,69734,68103,66376,64717,63035,61424,59859,58362,56753,55281,53768,52265,50852,49430,48006,46583,45186,43866,42515,41226,39960,38696,37447,36185,35017,33860,32665,31532,30382,29269,28143,27027,25988,25019,23990,22979,22021,21128,20285,19428,18537,17698,16936,16220,15463,14719,13982,13256,12524,11752,11073,10416,9848,9278,8762,8256,7790,7305,6856,6426,6064,5706,5330,4978,4714,4357,4070,3810,3420,3119,2727,2196,1931,1807,1242,1061,1005,998,855,835,679,566,433,380,380,63,0,0,0,0,0,0,0,0,0
4jvh,70,24098,23557,23057,22561,22059,21558,21016,20518,20024,19508,19008,18486,18008,17451,16979,16544,16084,15667,15225,14764,14321,13879,13469,13095,12698,12300,11923,11554,11216,10824,10467,10104,9748,9425,9074,8755,8397,8096,7785,7491,7204,6924,6629,6375,6097,5838,5601,5298,5059,4800,4580,4349,4115,3870,3637,3436,3212,3016,2826,2661,2515,2393,2243,2080,1905,1758,1642,1562,1489,1412,1336,1261,1207,1139,1097,997,717,550,486,464,464,464,464,464,460,306,174,45,0,0,0,0,0,0,0,0,0,0,0,0
4jxx,360,91795,89691,87625,85517,83460,81411,79436,77448,75537,73639,71728,69840,67917,66095,64228,62494,60779,59154,57506,55888,54312,52662,51101,49514,47975,46487,45001,43510,42019,40567,39217,37875,36543,35198,33869,32639,31444,30315,29174,28058,26879,25819,24808,23756,22731,21733,20676,19742,18778,17872,16976,16127,15181,14314,13515,12748,11970,11215,10574,9964,9381,8873,8223,7614,6974,6354,5940,5636,5376,5123,4848,4636,4438,4149,4000,3534,2574,1992,1747,1684,1684,1684,1682,1681,1650,1116,642,183,0,0,0,0,0,0,0,0,0,0,0,0
4jxz,1840,90911,88798,86778,84615,82483,80561,78514,76643,74656,72808,70965,69055,67180,65336,63545,61777,60135,58479,56873,55296,53680,52117,50504,48945,47409,45855,44427,42992,41585,40203,38846,37442,36146,34810,33534,32290,31107,29955,28828,27698,26620,25603,24553,23493,22479,21458,20481,19449,18522,17672,16798,15928,15019,14206,13404,12623,11845,11118,10444,9886,9281,8817,8159,7616,6981,6349,5961,5664,5391,5132,4845,4625,4420,4151,4000,3536,2594,1990,1750,1685,1685,1685,1683,1682,1656,1119,638,183,0,0,0,0,0,0,0,0,0,0,0,0
4jyz,470,78241,76478,74688,72892,71126,69407,67731,66021,64443,62876,61287,59743,58200,56623,55132,53629,52203,50831,49456,48134,46725,45371,44038,42682,41372,40108,38871,37612,36355,35124,33976,32797,31650,30475,29337,28240,27236,26296,25319,24361,23379,22451,21541,20653,19770,18850,17956,17133,16362,15602,14873,14135,13327,12603,11895,11260,10548,9923,9358,8855,8356,7903,7311,6826,6252,5685,5359,5074,4854,4599,4379,4189,4007,3752,3606,3180,2371,1822,1577,1521,1521,1521,1520,1518,1495,1017,579,164,0,0,0,0,0,0,0,0,0,0,0,0
4n2q,4,8989,8794,8603,8453,8284,8109,7939,7774,7593,7433,7271,7117,6964,6794,6630,6484,6318,6155,6000,5857,5719,5558,5419,5256,5105,4950,4817,4677,4539,4395,4264,4138,4000,3851,3731,3614,3483,3360,3237,3119,2999,2882,2767,2639,2521,2409,2305,2207,2108,2017,1915,1800,1702,1610,1522,1449,1358,1275,1209,1139,1079,1026,953,886,819,745,702,674,644,620,588,568,541,519,498,430,313,245,224,214,214,214,213,212,209,137,76,20,0,0,0,0,0,0,0,0,0,0,0,0
4n2s,250,8062,7913,7778,7627,7496,7367,7230,7100,6954,6827,6695,6549,6404,6279,6144,6020,5871,5750,5626,5482,5352,5204,5088,4951,4810,4676,4528,4399,4284,4166,4011,3883,3744,3611,3493,3368,3249,3135,3010,2914,2799,2673,2561,2443,2337,2231,2120,2019,1930,1829,1756,1676,1580,1487,1417,1343,1250,1156,1092,1027,976,921,850,782,726,664,620,588,560,535,507,480,457,433,424,367,269,213,188,181,181,181,180,179,177,116,74,18,0,0,0,0,0,0,0,0,0,0,0,0
4ngb,19,18563,18198,17833,17462,17109,16747,16366,16014,15670,15322,14953,14599,14260,13906,13591,13243,12955,12647,12351,12050,11730,11429,11126,10797,10495,10252,9985,9699,9417,9139,8929,8641,8355,8065,7800,7528,7277,7012,6743,6492,6244,6005,5760,5528,5290,5050,4847,4624,4454,4227,4007,3818,3597,3403,3208,2987,2812,2630,2496,2348,2228,2110,1947,1808,1652,1526,1440,1361,1303,1245,1188,1150,1091,1026,994,868,612,478,428,423,423,423,423,423,417,281,164,42,0,0,0,0,0,0,0,0,0,0,0,0
4qei,15840,52880,51693,50578,49406,48253,47179,46132,44998,43950,42870,41711,40651,39614,38588,37587,36644,35678,34772,33848,32886,31967,31072,30194,29274,28373,27479,26614,25833,25050,24263,23430,22669,21919,21217,20475,19737,19042,18357,17665,17035,16356,15737,15110,14547,13953,13360,12739,12143,11584,11077,10519,9963,9427,8918,8460,8010,7559,7099,6658,6236,5868,5563,5162,4799,4354,3959,3746,3589,3420,3277,3134,2990,2863,2705,2595,2292,1739,1298,1127,1092,1092,1092,1091,1090,1067,765,425,108,0,0,0,0,0,0,0,0,0,0,0,0
4qg3,"18,7",61506,60052,58633,57268,55922,54602,53312,51951,50682,49349,48122,46891,45650,44465,43272,42108,40913,39764,38585,37497,36433,35331,34311,33249,32212,31192,30175,29174,28162,27177,26259,25333,24462,23602,22747,21937,21139,20383,19596,18805,18024,17268,16578,15904,15194,14503,13825,13195,12561,11947,11358,10742,10159,9608,9088,8593,8082,7548,7092,6674,6250,5850,5454,5065,4581,4126,3881,3679,3506,3335,3173,3030,2907,2746,2625,2312,1760,1325,1154,1092,1092,1092,1091,1090,1072,761,413,81,1,0,0,0,0,0,0,0,0,0,0,0
4qvi,148,63215,61796,60374,58998,57578,56232,54892,53550,52190,50889,49606,48325,47124,45866,44658,43453,42266,41074,39894,38781,37653,36621,35542,34375,33279,32278,31265,30216,29167,28178,27242,26322,25396,24484,23612,22746,21958,21155,20309,19525,18761,17961,17244,16531,15803,15111,14420,13729,13065,12498,11877,11246,10647,10098,9537,9027,8478,7934,7471,7047,6599,6231,5755,5328,4838,4343,4092,3893,3716,3541,3375,3217,3096,2927,2813,2475,1855,1400,1231,1165,1165,1165,1164,1162,1140,812,441,85,1,0,0,0,0,0,0,0,0,0,0,0
4r3i,2000,13082,12818,12559,12303,12033,11788,11539,11307,11017,10750,10460,10192,9981,9744,9500,9272,9020,8773,8525,8301,8066,7834,7628,7431,7216,7025,6818,6630,6443,6241,6046,5860,5654,5464,5280,5115,4937,4766,4555,4396,4227,4059,3881,3732,3559,3408,3254,3107,2959,2807,2675,2538,2395,2245,2132,1988,1849,1740,1634,1542,1471,1400,1294,1207,1115,1038,979,929,881,833,792,758,723,679,665,578,414,335,297,291,291,291,290,287,285,177,104,41,0,0,0,0,0,0,0,0,0,0,0,0
4rcj,22000,6641,6535,6411,6266,6148,6043,5943,5823,5694,5567,5457,5333,5230,5124,4999,4894,4800,4682,4566,4452,4351,4238,4122,4022,3900,3812,3703,3601,3505,3388,3305,3198,3092,3000,2903,2815,2721,2622,2546,2456,2371,2288,2203,2121,2027,1966,1866,1782,1711,1643,1570,1493,1418,1346,1270,1206,1141,1066,1009,955,913,877,817,762,695,651,626,592,562,536,519,488,455,429,423,366,256,215,189,187,187,187,187,187,184,120,65,28,2,2,2,2,2,2,2,2,2,2,2,2
5dno,1800,17547,17192,16824,16449,16078,15706,15375,15048,14666,14311,13965,13630,13326,12982,12644,12302,11969,11632,11338,11030,10687,10393,10102,9816,9534,9268,9015,8728,8420,8122,7857,7605,7346,7086,6831,6594,6336,6115,5888,5696,5453,5245,5043,4825,4634,4415,4213,4051,3872,3689,3510,3315,3141,2952,2786,2625,2450,2281,2158,2025,1906,1800,1652,1533,1415,1288,1225,1164,1109,1060,995,957,893,853,825,725,523,410,368,358,358,358,355,354,353,237,137,38,1,0,0,0,0,0,0,0,0,0,0,0
5en1,"276,2",12500,12233,11984,11734,11476,11235,10974,10736,10503,10268,10027,9831,9600,9378,9113,8869,8635,8401,8174,7934,7710,7476,7246,7039,6835,6631,6430,6227,6044,5823,5647,5462,5298,5101,4920,4742,4583,4406,4254,4097,3938,3788,3621,3456,3307,3169,3041,2900,2766,2630,2504,2369,2242,2131,2005,1882,1776,1656,1558,1464,1385,1302,1211,1123,1034,951,911,874,835,799,757,726,689,659,636,544,395,326,295,279,279,279,277,276,274,183,110,31,0,0,0,0,0,0,0,0,0,0,0,0
5gxh,2400,27168,26591,26049,25468,24852,24313,23763,23171,22588,22019,21478,20961,20387,19831,19292,18703,18189,17698,17180,16687,16198,15713,15215,14746,14278,13812,13322,12914,12446,12047,11638,11237,10854,10487,10077,9712,9336,9003,8684,8332,7976,7642,7313,7022,6720,6428,6203,5924,5643,5400,5139,4833,4545,4297,4060,3815,3592,3360,3153,2984,2794,2619,2434,2261,2045,1877,1774,1715,1659,1596,1507,1448,1380,1295,1252,1095,792,632,563,547,547,547,545,544,540,370,204,78,4,2,2,2,2,2,2,2,2,2,2,2
5ho4,"114,7",20317,19860,19398,18951,18474,18031,17666,17255,16831,16403,16002,15607,15184,14764,14365,13958,13575,13207,12847,12487,12139,11768,11417,11051,10687,10322,9988,9649,9334,9033,8739,8442,8156,7884,7601,7317,7011,6733,6480,6229,5976,5741,5494,5279,5049,4843,4606,4391,4175,3978,3767,3569,3364,3177,2990,2829,2653,2492,2349,2208,2094,1968,1820,1696,1562,1429,1356,1304,1242,1198,1132,1085,1032,974,938,815,617,486,434,414,413,413,409,406,399,282,163,52,10,5,5,5,4,3,3,3,3,3,1,1
5hsw,48900,11938,11692,11479,11243,11019,10797,10579,10346,10126,9902,9690,9507,9285,9059,8849,8629,8424,8208,8010,7825,7605,7414,7221,7041,6828,6639,6478,6312,6134,5964,5770,5600,5430,5252,5078,4905,4750,4600,4444,4326,4175,4022,3863,3697,3535,3397,3273,3136,3007,2850,2747,2603,2467,2337,2221,2091,1983,1854,1776,1678,1594,1523,1423,1343,1235,1120,1054,1001,942,905,870,848,807,770,741,633,479,377,337,321,320,320,318,318,308,218,126,30,0,0,0,0,0,0,0,0,0,0,0,0
5id6,"2,86",80565,78649,76595,74672,72722,70788,68865,67009,65115,63330,61643,59871,58180,56496,54846,53163,51525,49883,48347,46811,45297,43761,42324,40942,39576,38140,36809,35506,34192,32971,31730,30555,29358,28191,27088,26013,24941,23967,22993,22000,21039,20110,19195,18330,17450,16621,15780,15001,14239,13516,12789,12080,11394,10688,10028,9439,8811,8246,7699,7255,6831,6438,5934,5463,4978,4552,4239,4026,3833,3641,3449,3286,3119,2940,2830,2468,1804,1401,1255,1201,1198,1198,1198,1198,1185,783,452,132,3,0,0,0,0,0,0,0,0,0,0,0
5ki6,"0,16",39698,38864,38031,37208,36348,35516,34695,33891,33078,32313,31541,30784,30005,29225,28473,27733,26967,26207,25407,24643,23920,23210,22539,21896,21246,20585,19912,19236,18582,17974,17386,16814,16252,15699,15123,14580,14046,13500,12980,12464,11942,11418,10939,10446,9961,9506,9053,8643,8235,7864,7454,7084,6689,6268,5889,5525,5149,4860,4586,4320,4079,3885,3610,3392,3120,2883,2740,2602,2458,2341,2207,2115,2040,1903,1862,1635,1184,943,837,802,800,800,795,793,791,511,312,95,6,0,0,0,0,0,0,0,0,0,0,0
5kla,"26,3",142047,139097,136150,133202,130255,127246,124291,121408,118567,115695,112879,110004,107099,104215,101343,98541,95743,92940,90326,87807,85219,82737,80321,77996,75569,73119,70900,68612,66520,64338,62204,60113,58037,56004,54042,52029,50028,48080,46147,44348,42599,40861,39173,37514,35912,34294,32829,31357,29914,28471,27086,25704,24430,23105,21668,20379,19115,18026,16999,15970,14979,14087,13221,12393,11579,10775,10173,9475,8738,8132,7498,7049,6525,5938,5291,4709,3911,3342,3052,2942,2114,1747,1694,1681,1671,1250,1018,789,680,673,669,210,20,19,19,17,15,14,12,10
5m8i,62000,59703,58487,57314,56134,54915,53722,52493,51293,50144,49011,47885,46753,45598,44444,43354,42244,41098,40042,39019,37953,36946,35966,34923,33927,32872,31893,30928,29995,29039,28078,27117,26192,25316,24456,23564,22681,21841,20984,20162,19370,18602,17838,17117,16384,15719,15057,14359,13729,13101,12489,11901,11252,10647,10107,9520,9006,8519,8049,7530,7134,6740,6370,5968,5612,5293,5017,4659,4398,4134,3889,3590,3357,3104,2794,2533,2194,1764,1585,1494,1004,844,823,814,713,683,553,442,372,327,327,10,0,0,0,0,0,0,0,0,0
5mpg,292,99488,97230,94998,92859,90640,88409,86329,84291,82220,80222,78223,76201,74186,72227,70259,68329,66420,64535,62691,60846,59053,57308,55565,53885,52234,50612,49028,47471,45915,44375,42872,41398,39892,38442,37060,35642,34284,32918,31585,30305,29068,27855,26627,25478,24347,23213,22041,21049,20059,19126,18175,17246,16273,15336,14408,13579,12719,11938,11236,10596,9969,9318,8702,8098,7522,7061,6587,6101,5695,5303,4889,4583,4269,3838,3502,3034,2406,2137,1992,1384,1161,1096,1079,919,894,724,603,476,413,412,65,0,0,0,0,0,0,0,0,0
5mpl,541,91615,89671,87694,85764,83837,81879,79947,78040,76192,74287,72405,70526,68723,66978,65185,63440,61657,60030,58383,56725,55049,53442,51848,50235,48713,47221,45680,44208,42787,41427,39981,38574,37193,35825,34507,33193,31913,30663,29447,28241,27012,25826,24729,23593,22509,21524,20533,19621,18751,17837,16935,16042,15123,14246,13416,12597,11815,11135,10460,9845,9233,8646,8095,7549,7065,6624,6214,5803,5452,5084,4650,4346,4061,3635,3304,2867,2310,2024,1898,1292,1112,1049,1025,878,849,684,573,459,398,398,59,1,0,0,0,0,0,0,0,0
5sze,"21,3",5191,5122,5029,4939,4838,4749,4646,4550,4475,4370,4270,4183,4092,4006,3916,3831,3763,3664,3577,3495,3411,3324,3240,3175,3088,3007,2929,2848,2763,2675,2585,2506,2427,2356,2276,2203,2124,2051,1995,1927,1864,1790,1716,1655,1609,1525,1478,1413,1363,1298,1228,1174,1119,1063,991,941,883,822,786,752,718,673,626,596,543,499,469,448,420,403,382,363,346,325,313,273,194,156,140,138,138,138,138,138,136,86,49,20,0,0,0,0,0,0,0,0,0,0,0,0
5u9b,130,131591,128545,125485,122486,119498,116601,113717,110717,107865,105015,102244,99563,96877,94241,91696,89073,86568,84094,81659,79217,76828,74499,72260,69950,67733,65558,63397,61302,59251,57183,55223,53207,51197,49383,47473,45666,43913,42250,40483,38871,37168,35588,34073,32553,31093,29663,28236,26891,25648,24364,23066,21791,20574,19368,18142,17006,15901,14953,14060,13253,12510,11780,11008,10287,9659,9052,8439,7867,7352,6824,6263,5843,5342,4843,4416,3771,2992,2675,2513,1735,1485,1427,1416,1231,1193,971,748,612,528,528,23,0,0,0,0,0,0,0,0,0
5wwe,"534,8",17071,16723,16380,16021,15679,15322,14975,14633,14250,13897,13548,13244,12918,12605,12273,11970,11662,11331,11041,10709,10425,10131,9854,9558,9292,9001,8753,8498,8211,7927,7666,7431,7196,6940,6704,6456,6248,6028,5814,5562,5315,5098,4903,4689,4480,4279,4082,3907,3728,3542,3363,3187,2998,2830,2678,2511,2369,2243,2123,1987,1853,1741,1615,1490,1353,1219,1170,1122,1071,1025,970,924,884,839,812,703,523,418,375,356,356,354,352,348,347,237,150,45,9,8,7,6,6,6,6,4,4,4,3,2
5wwg,"219,8",22363,21846,21366,20908,20430,19963,19498,19033,18585,18124,17699,17273,16847,16428,15988,15512,15086,14634,14201,13778,13380,12986,12602,12227,11836,11433,11090,10748,10374,10022,9697,9341,9006,8684,8386,8096,7789,7504,7212,6902,6644,6368,6101,5839,5559,5333,5079,4838,4618,4399,4176,3945,3728,3520,3279,3094,2933,2764,2600,2459,2332,2195,2018,1862,1722,1591,1495,1427,1368,1297,1224,1176,1132,1066,1024,894,686,539,482,463,462,461,457,451,443,305,182,64,16,16,15,15,15,12,12,12,10,9,8,7
5wzg,32,47279,46244,45232,44201,43199,42260,41286,40281,39301,38377,37414,36415,35477,34512,33561,32600,31656,30746,29842,28965,28047,27213,26408,25603,24765,23974,23168,22410,21629,20907,20196,19501,18792,18119,17479,16818,16199,15604,14995,14410,13824,13285,12733,12187,11672,11164,10628,10131,9613,9120,8644,8161,7660,7237,6825,6408,5998,5565,5208,4919,4659,4394,4058,3734,3418,3113,2919,2737,2564,2439,2297,2192,2093,1966,1914,1706,1203,977,866,827,827,827,824,820,817,544,333,110,0,0,0,0,0,0,0,0,0,0,0,0
5wzh,21,49386,48380,47325,46275,45277,44309,43316,42320,41358,40408,39434,38437,37478,36489,35509,34526,33556,32613,31719,30778,29906,29021,28178,27316,26472,25624,24767,23950,23097,22364,21638,20890,20163,19444,18745,18063,17409,16759,16080,15483,14887,14314,13713,13185,12619,12015,11471,10883,10361,9869,9380,8847,8319,7879,7404,6965,6528,6087,5688,5377,5093,4818,4443,4120,3774,3457,3244,3062,2860,2696,2554,2426,2328,2180,2133,1888,1341,1096,969,933,933,932,926,925,915,607,379,133,7,7,7,7,7,7,7,7,7,7,7,6
5wzj,13,53936,52741,51552,50401,49279,48136,47054,45916,44784,43680,42566,41468,40369,39250,38148,37076,36008,34983,33937,32909,31941,30985,30024,29091,28156,27257,26318,25412,24555,23682,22875,22078,21273,20485,19764,19021,18312,17609,16947,16285,15631,15007,14419,13821,13211,12607,12005,11396,10866,10314,9792,9209,8660,8202,7714,7261,6777,6294,5900,5597,5301,4985,4592,4209,3879,3527,3314,3105,2933,2776,2601,2478,2367,2229,2176,1922,1352,1113,989,949,949,948,943,941,930,608,379,135,7,7,7,7,7,7,7,7,7,7,7,6
5wzk,160,42982,42108,41228,40378,39572,38712,37849,36961,36139,35295,34435,33579,32715,31865,31006,30116,29242,28411,27595,26780,25972,25212,24450,23693,22942,22200,21498,20770,20059,19392,18719,18092,17426,16858,16238,15615,15064,14523,13985,13445,12947,12409,11888,11419,10939,10471,10011,9552,9080,8602,8150,7712,7260,6837,6461,6074,5682,5298,4990,4682,4414,4190,3864,3554,3254,2983,2777,2600,2437,2333,2209,2102,2007,1897,1841,1627,1181,951,841,800,799,798,795,790,782,531,322,108,7,7,7,7,7,7,7,7,7,7,7,6
5yki,"1,5",42067,41243,40422,39583,38747,37880,37031,36230,35389,34529,33675,32804,31965,31091,30219,29378,28529,27651,26854,26101,25341,24600,23859,23094,22324,21572,20883,20208,19523,18896,18312,17727,17100,16520,15967,15391,14819,14185,13629,13101,12623,12168,11669,11217,10747,10315,9844,9408,8933,8484,8065,7632,7175,6765,6376,5964,5582,5203,4849,4581,4329,4096,3757,3475,3205,2901,2719,2549,2384,2235,2114,2007,1942,1804,1776,1542,1117,883,783,764,764,764,762,761,756,495,338,110,0,0,0,0,0,0,0,0,0,0,0,0
5yts,2770,11975,11715,11507,11265,11061,10841,10608,10369,10148,9918,9686,9483,9271,9048,8863,8655,8435,8220,8014,7803,7599,7410,7200,7003,6818,6625,6408,6207,5996,5780,5602,5419,5241,5043,4861,4701,4511,4357,4203,4024,3867,3693,3520,3371,3229,3096,2972,2846,2722,2578,2439,2321,2171,2046,1923,1804,1706,1619,1532,1447,1373,1296,1199,1091,1000,915,858,815,790,759,736,704,675,621,604,536,400,301,269,261,261,261,261,261,258,177,108,36,3,3,3,3,3,3,3,2,2,2,2,1
5ytt,3770,17107,16749,16401,16028,15718,15384,15046,14699,14365,14036,13708,13383,13083,12795,12502,12175,11854,11542,11240,10930,10619,10330,10047,9773,9468,9169,8892,8599,8329,8054,7791,7525,7262,6978,6706,6485,6207,5992,5756,5528,5318,5064,4863,4667,4478,4272,4089,3907,3733,3542,3382,3214,3021,2826,2656,2484,2350,2217,2086,1961,1860,1740,1623,1501,1374,1270,1179,1125,1074,1034,993,945,911,852,828,737,543,422,377,361,359,359,359,357,350,248,153,53,10,9,9,8,5,5,4,4,4,3,3,1
5ytv,1260,12045,11799,11569,11335,11107,10896,10651,10410,10180,9967,9762,9543,9328,9126,8893,8660,8447,8247,8047,7828,7625,7439,7204,7015,6821,6624,6411,6180,5982,5799,5597,5414,5214,5016,4846,4672,4512,4321,4159,3994,3846,3674,3495,3349,3194,3054,2933,2806,2686,2546,2412,2280,2147,2022,1897,1778,1685,1587,1505,1409,1332,1243,1161,1058,962,885,836,789,768,734,705,682,658,602,584,523,379,292,261,250,250,250,250,250,248,175,109,31,0,0,0,0,0,0,0,0,0,0,0,0
5ytx,1340,14566,14271,13977,13702,13392,13133,12854,12563,12283,12005,11756,11485,11207,10930,10671,10399,10137,9895,9644,9383,9135,8841,8573,8338,8109,7853,7587,7360,7116,6905,6704,6459,6239,5998,5792,5579,5373,5142,4968,4795,4596,4395,4201,4018,3859,3684,3514,3359,3209,3058,2873,2727,2562,2421,2290,2154,2044,1915,1800,1683,1583,1504,1398,1285,1190,1084,1025,978,944,908,861,828,794,737,717,631,465,366,327,312,311,311,311,310,305,209,135,42,6,6,6,6,6,5,4,4,4,4,2,2
5z9x,124500,17692,17383,17016,16654,16298,15955,15592,15228,14843,14475,14147,13806,13430,13105,12788,12459,12120,11789,11460,11113,10804,10502,10211,9909,9633,9311,9029,8748,8486,8195,7917,7647,7408,7183,6928,6696,6446,6234,5982,5724,5494,5285,5069,4864,4654,4439,4241,4046,3838,3661,3486,3314,3132,2957,2803,2600,2459,2315,2185,2069,1942,1829,1706,1580,1459,1338,1279,1217,1160,1093,1037,989,938,898,871,758,576,446,398,374,374,374,372,368,364,239,141,52,4,3,3,3,3,3,3,3,3,3,2,1
5zc9,7600,30891,30179,29483,28777,28082,27407,26815,26150,25501,24910,24247,23637,23054,22456,21863,21313,20737,20175,19639,19053,18534,17974,17442,16899,16400,15880,15374,14893,14431,13988,13565,13136,12642,12224,11780,11396,10988,10601,10233,9864,9447,9134,8766,8409,8029,7669,7305,6954,6598,6299,5983,5681,5398,5095,4815,4544,4263,3997,3745,3513,3279,3084,2832,2616,2358,2126,2004,1888,1788,1711,1615,1533,1463,1383,1343,1171,860,687,604,569,569,569,567,564,555,378,226,62,0,0,0,0,0,0,0,0,0,0,0,0
6cmn,"2,5",93037,90969,88950,86975,84922,83003,81000,79105,77148,75254,73270,71523,69700,67919,66173,64410,62651,60848,59182,57561,55953,54332,52726,51139,49602,48054,46574,45050,43578,42072,40614,39164,37788,36393,35081,33844,32615,31370,30244,29074,27991,26946,25886,24851,23852,22911,21983,21006,20061,19146,18216,17322,16434,15568,14753,13911,13133,12345,11604,10955,10312,9705,9117,8544,7922,7349,6927,6535,6068,5655,5306,4994,4615,4210,3774,3324,2781,2336,2118,2067,1524,1224,1195,1195,1180,904,662,481,433,433,433,123,0,0,0,0,0,0,0,0
6dcb,100,19559,19124,18710,18348,17977,17561,17170,16795,16408,16027,15620,15249,14909,14502,14169,13805,13467,13079,12739,12376,12062,11729,11419,11095,10776,10479,10171,9849,9552,9264,8978,8667,8396,8097,7830,7599,7354,7117,6875,6624,6356,6140,5931,5697,5472,5246,5021,4784,4568,4371,4153,3940,3737,3526,3340,3146,2972,2769,2613,2441,2292,2169,2012,1872,1693,1535,1444,1378,1323,1273,1201,1148,1106,1042,1009,889,660,513,454,430,430,430,429,428,423,294,184,39,0,0,0,0,0,0,0,0,0,0,0,0
6dcc,35,19650,19212,18809,18416,18033,17649,17270,16877,16462,16075,15705,15315,14958,14577,14233,13871,13499,13144,12775,12428,12104,11759,11447,11130,10831,10533,10219,9872,9569,9285,8992,8686,8410,8145,7855,7604,7374,7129,6883,6615,6367,6164,5959,5723,5471,5255,5016,4804,4589,4379,4131,3941,3744,3531,3337,3160,2974,2773,2603,2442,2292,2154,1990,1867,1687,1528,1436,1369,1312,1267,1195,1142,1097,1036,1005,885,658,510,451,428,428,428,426,426,420,297,179,38,0,0,0,0,0,0,0,0,0,0,0,0
6fq3,1322,15218,14885,14550,14221,13881,13579,13252,12931,12600,12298,12004,11738,11425,11141,10883,10605,10326,10038,9794,9521,9250,9020,8742,8517,8263,8022,7787,7546,7315,7109,6887,6680,6442,6209,6012,5783,5584,5390,5190,4998,4803,4615,4433,4255,4087,3910,3730,3576,3395,3207,3048,2904,2738,2603,2452,2318,2176,2032,1901,1785,1692,1579,1463,1361,1235,1139,1078,1031,985,940,896,862,822,787,757,664,495,394,345,342,342,341,339,339,334,227,134,41,8,7,6,6,6,5,5,5,5,5,4,4
6gbm,84000,120090,117290,114485,111834,109202,106613,104035,101593,99158,96661,94084,91652,89281,86804,84468,82200,79910,77676,75484,73321,71117,69055,66955,64914,62895,60965,59094,57202,55403,53559,51755,49987,48167,46482,44809,43138,41490,39953,38389,36891,35465,34116,32670,31251,29935,28697,27463,26211,25062,23926,22814,21669,20488,19324,18204,17130,16087,15115,14294,13475,12628,11936,11185,10520,9860,9217,8645,8057,7505,7050,6545,6148,5715,5164,4674,4070,3281,2843,2621,1854,1532,1488,1473,1304,1258,1040,802,612,533,533,27,0,0,0,0,0,0,0,0,0
6gx6,4700,12556,12293,12041,11777,11529,11253,11003,10756,10502,10262,10021,9780,9541,9358,9123,8893,8647,8413,8216,7987,7772,7553,7369,7147,6948,6743,6537,6320,6144,5949,5761,5550,5370,5192,5024,4847,4654,4473,4313,4173,4007,3829,3683,3539,3383,3235,3097,2965,2843,2715,2572,2443,2313,2190,2078,1958,1853,1746,1662,1583,1499,1412,1312,1231,1125,1043,990,954,927,879,835,799,761,718,700,615,452,354,319,309,308,308,308,308,302,201,125,40,7,7,7,7,6,6,6,6,6,6,5,3
6noc,"20,2",33767,33121,32515,31879,31217,30553,29876,29232,28560,27924,27281,26547,25886,25203,24449,23782,23100,22453,21817,21192,20531,19926,19299,18707,18112,17559,16972,16417,15844,15319,14802,14270,13752,13283,12816,12337,11858,11427,10975,10577,10197,9813,9433,9068,8666,8290,7908,7554,7214,6874,6533,6198,5839,5511,5196,4892,4588,4291,4011,3758,3525,3324,3039,2813,2602,2374,2232,2096,1950,1827,1748,1683,1639,1536,1505,1289,960,755,684,654,654,653,651,651,644,421,281,90,6,6,5,5,5,5,5,5,5,5,5,4
6nof,"16,3",35337,34666,33993,33317,32621,31916,31218,30544,29884,29192,28476,27750,27002,26269,25515,24799,24112,23383,22692,22036,21378,20775,20157,19564,18947,18336,17714,17113,16516,16020,15513,14987,14438,13903,13402,12953,12500,12023,11592,11135,10695,10298,9890,9516,9121,8711,8341,7974,7592,7238,6858,6472,6127,5783,5454,5127,4771,4481,4193,3958,3735,3515,3213,2975,2716,2493,2347,2222,2062,1941,1839,1760,1693,1596,1556,1353,980,785,702,678,678,678,676,676,669,440,288,96,5,5,5,5,5,5,5,5,5,5,5,4
6noh,"22,7",30998,30441,29842,29225,28600,28020,27383,26775,26170,25561,24952,24318,23720,23047,22385,21821,21170,20560,19987,19387,18813,18289,17756,17217,16701,16147,15559,15069,14547,14090,13646,13175,12700,12242,11806,11424,11012,10599,10205,9819,9414,9070,8716,8384,8073,7707,7355,7031,6701,6370,6041,5723,5410,5139,4829,4543,4235,3967,3732,3534,3338,3126,2854,2628,2422,2217,2083,1943,1816,1715,1642,1564,1496,1410,1380,1197,857,698,627,601,600,600,598,597,588,393,254,85,7,5,5,5,5,5,5,5,5,4,4,3
6so9,5700,72529,70910,69356,67795,66262,64760,63250,61681,60149,58586,57105,55614,54128,52682,51318,49998,48626,47269,45914,44606,43253,41948,40684,39454,38203,36998,35823,34689,33540,32414,31344,30250,29163,28080,27050,25968,24975,24022,23114,22153,21234,20339,19452,18599,17782,17035,16222,15491,14736,14032,13339,12642,11971,11305,10653,10053,9483,8952,8428,7935,7470,7059,6621,6235,5873,5530,5163,4819,4496,4246,3914,3657,3392,3022,2750,2396,1915,1710,1611,1089,939,891,877,746,728,578,488,399,348,348,58,0,0,0,0,0,0,0,0,0
