Chain1,Res1,ResName1,Atom1,Chain2,Res2,ResName2,Atom2,Distance,Type
A,1117,Y,OH,B,25,u,OP1,1.99,HB
A,1117,Y,OH,B,25,u,OP2,3.77,HB
A,1117,Y,OH,B,25,u,O5',3.49,HB
A,1121,K,NZ,B,23,u,O5',3.9,HB
A,1121,K,NZ,B,24,a,O5',3.12,HB
A,1126,N,OD1,B,20,c,N4,2.73,HB
A,1126,N,OD1,B,21,u,N3,3.72,HB
A,1126,N,ND2,B,21,u,O4,3.87,HB
A,1133,Y,OH,B,18,a,O2',3.22,HB
A,1133,Y,OH,B,22,a,N1,3.06,HB
A,1133,Y,OH,B,22,a,N3,3.81,HB
A,1135,Y,OH,B,21,u,O2,2.78,HB
A,1135,Y,OH,B,21,u,N3,3.01,HB
A,1136,L,O,B,22,a,O2',2.65,HB
A,1137,K,NZ,B,21,u,O2',3.13,HB
A,1137,K,NZ,B,21,u,O2,3.05,HB
A,1203,E,OE1,B,26,a,O2',2.17,HB
A,1253,H,ND1,B,26,a,O4',3.09,HB
A,1253,H,ND1,B,26,a,O2',3.62,HB
A,1254,Q,NE2,B,23,u,O4',3.44,HB
A,1254,Q,OE1,B,24,a,O2',2.75,HB
A,1254,Q,NE2,B,24,a,O4',3.58,HB
A,1256,N,OD1,B,16,c,N4,2.87,HB
A,1256,N,OD1,B,17,c,N4,3.08,HB
A,1256,N,ND2,B,17,c,N3,2.54,HB
A,1257,N,CB,B,23,u,C5,3.36,HY
A,1257,N,OD1,B,23,u,N3,3.82,HB
A,1257,N,ND2,B,23,u,O2,3.66,HB
A,1257,N,ND2,B,23,u,N3,2.4,HB
A,1257,N,ND2,B,23,u,O4,2.89,HB
A,1260,K,NZ,B,17,c,O2,2.75,HB
A,1266,W,NE1,B,26,a,O3',3.17,HB
A,1266,W,NE1,B,27,a,OP1,2.42,HB
A,1266,W,NE1,B,27,a,OP2,2.94,HB
A,1273,R,NH1,B,6,g,O3',3.33,HB
A,1273,R,NH2,B,6,g,O3',1.97,HB
A,1273,R,NH2,B,6,g,O2',3.56,HB
A,1273,R,NE,B,7,g,OP1,2.81,HB
A,1273,R,NE,B,7,g,O5',3.89,HB
A,1273,R,NH1,B,7,g,OP1,1.43,HB
A,1273,R,NH1,B,7,g,OP2,3.3,HB
A,1273,R,NH1,B,7,g,O5',2.17,HB
A,1273,R,NH2,B,7,g,OP1,1.82,HB
A,1273,R,NH2,B,7,g,OP2,3.6,HB
A,1273,R,NH2,B,7,g,O5',2.68,HB