Chain1,Res1,ResName1,Atom1,Chain2,Res2,ResName2,Atom2,Distance,Type
A,195,Q,NE2,B,24,u,O4',3.81,HB
A,329,D,OD1,B,13,g,C2,3.48,HB
A,358,H,ND1,B,13,g,N2,3.16,HB
A,358,H,NE2,B,13,g,N1,3.23,HB
A,358,H,NE2,B,13,g,C2,2.63,HB
A,358,H,NE2,B,13,g,N2,1.39,HB
A,359,K,NZ,B,13,g,O2',2.3,HB
A,845,Q,NE2,B,13,g,O6,3.02,HB
A,872,G,N,B,12,a,O3',3.13,HB
A,872,G,N,B,13,g,OP1,1.18,HB
A,872,G,N,B,13,g,OP2,2.5,HB
A,872,G,N,B,13,g,O5',2.15,HB
A,873,T,N,B,13,g,OP2,2.05,HB
A,945,R,NE,B,1,a,OP1,3.74,HB
A,945,R,NH1,B,1,a,OP1,2.43,HB
A,945,R,NH1,B,1,a,OP2,3.75,HB
A,945,R,NH2,B,1,a,OP1,2.88,HB
A,945,R,NH2,B,1,a,O5',3.12,HB
A,945,R,NH2,B,2,g,OP2,2.55,HB
A,946,G,N,B,15,u,O3',3.16,HB
A,946,G,N,B,16,c,OP1,1.87,HB
A,946,G,N,B,16,c,OP2,3.48,HB
A,947,A,N,B,15,u,O3',2.23,HB
A,947,A,N,B,15,u,O2',3.21,HB
A,947,A,N,B,16,c,OP1,3.23,HB
A,947,A,N,B,16,c,O5',3.79,HB
A,1035,R,NH2,B,6,g,O2',3.43,HB
A,1035,R,NH2,B,21,a,O2',3.67,HB
A,1035,R,NH1,B,22,u,OP1,3.36,HB
A,1035,R,NH1,B,22,u,O5',2.78,HB
A,1035,R,NH1,B,22,u,O4',3.71,HB
A,1035,R,NH1,B,22,u,O3',2.81,HB
A,1035,R,NH2,B,22,u,O5',3.67,HB
A,1035,R,NH2,B,22,u,O4',3.63,HB
A,1038,K,NZ,B,7,g,OP1,2.45,HB
A,1038,K,NZ,B,7,g,OP2,3.86,HB
A,1059,T,OG1,B,8,c,OP1,3.59,HB
A,1060,T,N,B,7,g,O3',3.48,HB
A,1060,T,OG1,B,7,g,O3',1.25,HB
A,1060,T,OG1,B,7,g,O2',2.71,HB
A,1060,T,N,B,8,c,OP1,2.13,HB
A,1060,T,OG1,B,8,c,OP1,2.45,HB
A,1060,T,OG1,B,8,c,OP2,3.5,HB
A,1060,T,OG1,B,8,c,O5',2.87,HB
A,1062,Q,OE1,B,6,g,N2,3.9,HB
A,1062,Q,OE1,B,7,g,O2',2.72,HB
A,1063,K,NZ,B,8,c,O5',3.43,HB
A,1063,K,NZ,B,8,c,O3',2.87,HB
A,1063,K,NZ,B,9,u,OP1,3.3,HB
A,1063,K,NZ,B,9,u,OP2,0.76,HB
A,1063,K,NZ,B,9,u,O5',3.05,HB
A,1088,Y,OH,B,16,c,O2',3.69,HB
A,1101,E,OE1,B,14,g,O2',2.7,HB
A,1101,E,OE2,B,14,g,O2',1.75,HB
A,1102,S,OG,B,8,c,O2',3.16,HB
A,1167,R,NE,B,29,a,O2',3.84,HB
A,1167,R,NH1,B,29,a,O2',2.7,HB
A,1167,R,NH2,B,29,a,O2',2.16,HB
A,1167,R,NH1,B,30,u,O4',3.87,HB
A,1337,G,O,B,19,a,O2',3.0,HB
A,1341,Y,OH,B,1,a,N6,3.64,HB
A,1410,R,NE,B,19,a,OP1,2.88,HB
A,1410,R,NE,B,19,a,OP2,1.74,HB
A,1410,R,NE,B,19,a,O5',3.0,HB
A,1410,R,NH1,B,19,a,OP2,3.22,HB
A,1410,R,NH1,B,19,a,O5',2.83,HB
A,1410,R,NH1,B,19,a,O3',3.48,HB
A,1410,R,NH1,B,19,a,O2',3.05,HB
A,1410,R,NH2,B,19,a,OP2,2.16,HB
A,1410,R,NH2,B,19,a,O5',3.13,HB
A,1410,R,NH1,B,20,g,OP1,3.03,HB
A,1411,K,N,B,20,g,C6,3.75,HB
A,1411,K,N,B,20,g,O6,2.97,HB
A,1412,A,N,B,20,g,O6,3.84,HB