Chain1,Res1,ResName1,Atom1,Chain2,Res2,ResName2,Atom2,Distance,Type
A,350,N,ND2,B,36,c,O3',1.33,HB
A,350,N,ND2,B,36,c,O2',2.8,HB
A,350,N,ND2,B,37,a,OP1,3.1,HB
A,350,N,ND2,B,37,a,OP2,2.5,HB
A,350,N,ND2,B,37,a,O5',3.59,HB
A,353,H,ND1,B,8,c,O3',3.6,HB
A,353,H,ND1,B,8,c,O2',2.71,HB
A,353,H,NE2,B,8,c,O3',3.17,HB
A,383,G,N,B,10,a,OP1,3.37,HB
A,511,E,OE1,B,37,a,N6,2.39,HB
A,511,E,OE2,B,37,a,N6,3.73,HB
A,520,N,ND2,B,35,c,OP1,3.34,HB
A,579,N,N,B,38,g,O2',3.41,HB
A,579,N,OD1,B,38,g,O2',0.53,HB
A,579,N,ND2,B,38,g,O2',1.87,HB
A,579,N,ND2,B,39,a,O5',3.76,HB
A,579,N,ND2,B,39,a,O4',2.16,HB