Chain1,Res1,ResName1,Atom1,Chain2,Res2,ResName2,Atom2,Distance,Type
A,176,Y,OH,B,7,a,O4',2.69,HB
A,176,Y,OH,B,7,a,O2',2.34,HB
A,179,K,N,B,7,a,OP2,2.73,HB
A,179,K,N,B,7,a,O5',3.84,HB
A,180,G,N,B,7,a,OP2,3.48,HB
A,181,K,NZ,B,7,a,OP1,3.47,HB
A,185,H,NE2,B,33,a,OP1,3.28,HB
A,185,H,ND1,B,35,g,O6,3.88,HB
A,189,A,O,B,7,a,N6,3.82,HB
A,192,D,OD2,B,7,a,N6,2.55,HB
A,192,D,OD1,B,35,g,C2,3.45,HB
A,192,D,OD1,B,35,g,N2,3.24,HB
A,192,D,OD2,B,35,g,N1,3.24,HB
A,192,D,OD2,B,35,g,C2,2.1,HB
A,192,D,OD2,B,35,g,N2,1.21,HB
A,276,K,NZ,B,31,u,OP1,3.42,HB
A,276,K,NZ,B,31,u,OP2,3.07,HB
A,276,K,NZ,B,31,u,O5',3.35,HB
A,276,K,NZ,B,32,g,OP2,3.17,HB
A,280,W,NE1,B,7,a,OP1,3.78,HB