Chain1,Res1,ResName1,Atom1,Chain2,Res2,ResName2,Atom2,Distance,Type
A,196,H,N,B,30,a,OP1,3.13,HB
A,196,H,ND1,B,30,a,OP1,3.42,HB
A,196,H,ND1,B,30,a,OP2,3.1,HB
A,197,Y,N,B,30,a,OP1,2.84,HB
A,197,Y,OH,B,31,c,OP1,2.86,HB
A,197,Y,OH,B,31,c,OP2,3.23,HB
A,204,G,N,B,13,g,OP1,3.3,HB
A,204,G,N,B,13,g,OP2,2.02,HB
A,206,K,NZ,B,14,a,N7,3.74,HB
A,210,K,NZ,B,32,a,OP2,3.75,HB
A,210,K,NZ,B,32,a,O5',3.88,HB
A,210,K,NZ,B,32,a,N7,3.01,HB
A,210,K,NZ,B,33,g,C6,3.29,HB
A,210,K,NZ,B,33,g,O6,3.14,HB
A,211,R,NE,B,11,c,OP2,3.51,HB
A,211,R,NH2,B,11,c,OP2,3.85,HB
A,211,R,NH2,B,11,c,O5',3.79,HB
A,211,R,NH2,B,12,g,OP2,2.67,HB
A,214,Q,NE2,B,32,a,OP1,2.76,HB
A,214,Q,NE2,B,32,a,OP2,2.72,HB
A,214,Q,NE2,B,32,a,O5',3.89,HB
A,235,K,NZ,B,11,c,O2',3.63,HB
A,238,Q,NE2,B,10,c,O3',2.95,HB
A,238,Q,NE2,B,11,c,OP1,2.87,HB
A,241,R,NH1,B,12,g,OP1,3.03,HB
A,241,R,NH1,B,12,g,OP2,3.84,HB
A,241,R,NH2,B,12,g,OP1,2.79,HB
A,254,G,O,B,29,a,O2',3.84,HB
A,259,R,NE,B,28,a,O2',3.32,HB
A,259,R,NH1,B,28,a,O4',3.42,HB
A,259,R,NH1,B,28,a,O3',2.69,HB
A,259,R,NH1,B,28,a,O2',1.67,HB
A,259,R,NH2,B,28,a,O2',3.89,HB
A,263,R,NH1,B,24,g,O3',3.84,HB
A,263,R,NH1,B,24,g,O2',1.77,HB
A,263,R,NH2,B,24,g,O3',3.79,HB
A,263,R,NH2,B,24,g,O2',3.05,HB