Chain1,Res1,ResName1,Atom1,Chain2,Res2,ResName2,Atom2,Distance,Type
A,31,H,ND1,B,51,a,N3,3.74,HB
A,50,L,O,B,27,g,C2,3.88,HB
A,50,L,O,B,27,g,N2,3.82,HB
A,51,G,N,B,27,g,C6,3.15,HB
A,51,G,N,B,27,g,O6,3.42,HB
A,51,G,N,B,27,g,N1,2.78,HB
A,60,C,SG,B,50,a,N6,3.73,HB
A,60,C,SG,B,50,a,N1,3.34,HB
A,61,K,NZ,B,44,g,O3',3.62,HB
A,61,K,NZ,B,45,g,OP1,2.16,HB
A,61,K,NZ,B,45,g,OP2,2.57,HB
A,61,K,NZ,B,45,g,O5',1.82,HB
A,61,K,NZ,B,45,g,O3',3.59,HB
A,61,K,NZ,B,46,c,OP2,2.72,HB
A,64,Y,OH,B,50,a,N3,2.66,HB
A,65,K,NZ,B,44,g,OP2,3.71,HB
A,65,K,NZ,B,44,g,O5',3.66,HB
A,65,K,NZ,B,45,g,OP2,2.5,HB
A,66,K,NZ,B,1,a,OP1,3.41,HB
A,67,S,OG,B,43,g,O3',3.39,HB
A,67,S,OG,B,44,g,OP1,2.4,HB
A,67,S,OG,B,44,g,OP2,3.27,HB
A,70,G,N,B,43,g,O3',3.83,HB
A,70,G,N,B,43,g,O2',3.65,HB
A,72,K,NZ,B,28,u,OP2,2.78,HB
A,317,G,O,B,44,g,O2',3.46,HB
A,318,G,N,B,44,g,O4',3.59,HB
A,318,G,N,B,44,g,O3',2.63,HB
A,318,G,N,B,44,g,O2',1.54,HB
A,318,G,O,B,44,g,O2',2.35,HB
A,319,A,N,B,44,g,O2',3.3,HB
A,319,A,N,B,45,g,O4',3.26,HB
A,320,V,N,B,45,g,O2',3.55,HB
A,330,E,OE1,B,43,g,N2,3.87,HB
A,330,E,OE1,B,44,g,C2,3.44,HB
A,330,E,OE1,B,44,g,N2,3.29,HB
A,341,N,O,B,9,c,O2',2.98,HB
A,342,G,N,B,9,c,O2',3.64,HB
A,342,G,O,B,9,c,O2',3.75,HB