Chain1,Res1,ResName1,Atom1,Chain2,Res2,ResName2,Atom2,Distance,Type
A,81,K,NZ,B,55,a,OP1,3.72,HB
A,81,K,NZ,B,55,a,OP2,2.15,HB
A,81,K,O,B,58,c,N4,3.0,HB
A,82,R,NE,B,56,g,O6,2.98,HB
A,82,R,NH2,B,56,g,C6,3.86,HB
A,82,R,NH2,B,56,g,O6,2.95,HB
A,82,R,NH2,B,61,c,N3,3.34,HB
A,82,R,NH2,B,62,u,O4,2.35,HB
A,122,N,ND2,B,60,a,N1,3.06,HB
A,126,K,NZ,B,60,a,O2',3.74,HB
A,126,K,NZ,B,60,a,N3,2.76,HB
A,128,Y,OH,B,59,g,C6,3.85,HB
A,128,Y,OH,B,59,g,N1,3.07,HB
A,128,Y,OH,B,59,g,C2,3.32,HB
A,128,Y,OH,B,59,g,N2,3.29,HB
A,159,N,ND2,B,35,u,O3',3.31,HB
A,159,N,O,B,36,u,N3,3.85,HB
A,159,N,ND2,B,36,u,OP1,3.6,HB
A,159,N,ND2,B,36,u,OP2,1.08,HB
A,159,N,ND2,B,36,u,O5',3.36,HB
A,160,G,O,B,36,u,N3,3.6,HB
A,161,G,N,B,36,u,N3,3.64,HB
A,175,R,NH2,B,11,u,O2',3.79,HB
A,178,K,NZ,B,11,u,O3',3.38,HB
A,178,K,NZ,B,12,g,OP1,2.66,HB
A,178,K,NZ,B,12,g,OP2,2.92,HB
A,180,K,NZ,B,37,u,OP1,2.1,HB
A,180,K,NZ,B,37,u,O5',3.4,HB
A,180,K,NZ,B,38,c,OP2,2.65,HB