Chain1,Res1,ResName1,Atom1,Chain2,Res2,ResName2,Atom2,Distance,Type
A,127,Q,NE2,B,19,g,O3',3.5,HB
A,127,Q,NE2,B,20,c,OP1,2.6,HB
A,127,Q,NE2,B,20,c,O5',3.58,HB
A,169,R,NH1,B,18,u,OP1,3.09,HB
A,169,R,NH2,B,18,u,OP1,2.36,HB
A,172,H,ND1,B,19,g,OP1,3.66,HB
A,172,H,NE2,B,19,g,OP1,1.7,HB
A,172,H,NE2,B,19,g,OP2,3.46,HB
A,172,H,NE2,B,19,g,O5',3.57,HB
A,185,R,NH2,B,19,g,OP2,3.61,HB
A,185,R,NH2,B,19,g,O5',3.56,HB
A,336,H,ND1,B,18,u,O2',3.34,HB
A,336,H,NE2,B,18,u,O3',3.24,HB
A,336,H,NE2,B,18,u,O2',2.83,HB
A,336,H,NE2,B,19,g,OP1,3.28,HB
A,336,H,NE2,B,19,g,OP2,3.63,HB
A,339,H,ND1,B,20,c,N4,2.29,HB
A,447,D,OD2,B,21,c,N4,3.6,HB
A,448,G,N,B,19,g,O6,3.6,HB
A,448,G,O,B,20,c,N4,3.32,HB
A,449,E,O,B,20,c,N4,1.79,HB