Numero_do_residuo1, Número_do_atomo1, Residuo1, Atomo1, Numero_do_residuo2, Número_do_atomo2, Residuo2, Atomo2, Distancia, Tipo
LYS,14, O,117,G,211,N1,798,2.9120916907159224,ponte de hidrogenio
PHE,16, N,146,G,211,O6,797,3.003165958692869,ponte de hidrogenio
ALA,25, N,238,G,211,O6,797,2.892635986243961,ponte de hidrogenio
ALA,25, O,241,U,210,N3,765,3.347499848209802,ponte de hidrogenio
LYS,26, O,251,G,213,N2,867,3.38967572824652,ponte de hidrogenio
LYS,26, CE,255,G,213,C2',856,3.425983627413829,hidrofobico
LYS,26, NZ,256,G,213,O2',857,3.1356006116338717,ponte de hidrogenio
ARG,32, NH2,338,U,210,O4,767,2.821548148961697,ponte de hidrogenio
GLY,35, O,399,G,209,N1,734,2.848852087035435,ponte de hidrogenio
TRP,37, N,413,G,209,O6,733,2.953709458740042,ponte de hidrogenio
MET,46, N,503,G,209,O6,733,2.8473621943940417,ponte de hidrogenio
