Numero_do_residuo1, Número_do_atomo1, Residuo1, Atomo1, Numero_do_residuo2, Número_do_atomo2, Residuo2, Atomo2, Distancia, Tipo
ASN,151, OD1,41,C,505,O2,1105,2.6947826804615937,ponte de hidrogenio
ASN,151, ND2,42,C,505,O2,1105,2.9592807130385608,ponte de hidrogenio
ASN,151, ND2,42,C,505,N3,1106,3.153842725626673,ponte de hidrogenio
VAL,153, CG2,75,A,507,C2,1171,3.297304387627932,hidrofobico
LEU,155, N,92,U,506,O4,1139,3.0798855311933115,ponte de hidrogenio
GLY,158, O,152,U,506,O2',1132,2.728319711280269,ponte de hidrogenio
ARG,160, NH1,179,C,509,OP1,1219,3.1754636711309363,ponte de hidrogenio
LEU,164, CD1,235,A,508,C2,1204,3.546101758922232,hidrofobico
ILE,177, N,343,A,508,N1,1203,3.121986003807703,ponte de hidrogenio
ILE,177, O,346,A,508,N6,1202,2.8358678888021664,ponte de hidrogenio
ILE,177, O,346,A,511,N6,1299,3.090997723976267,ponte de hidrogenio
SER,182, O,425,A,508,N6,1202,3.042650943168291,ponte de hidrogenio
LYS,184, N,449,A,507,N3,1172,3.241183720744798,ponte de hidrogenio
LYS,184, CB,453,A,507,C2,1171,3.6188516763953604,hidrofobico
LYS,184, CD,455,A,507,C2,1171,3.3477773210494464,hidrofobico
ARG,190, NH2,548,A,508,OP2,1187,3.375552379474676,ponte de hidrogenio
LYS,241, CG,755,A,504,C2,1077,3.5034640744461845,hidrofobico
LYS,241, CD,756,A,504,C2,1077,3.6816318177945053,hidrofobico
ARG,255, N,971,A,502,O2',1005,3.346780134863682,ponte de hidrogenio
