Numero_do_residuo1, Número_do_atomo1, Residuo1, Atomo1, Numero_do_residuo2, Número_do_atomo2, Residuo2, Atomo2, Distancia, Tipo
LYS,14, NZ,40,G,16,O6,574,2.962422584777665,ponte de hidrogenio
LYS,14, NZ,40,G,17,O6,608,3.398680088548982,ponte de hidrogenio
ARG,16, NH1,74,C,7,OP1,277,2.821351934982205,ponte de hidrogenio
ARG,16, NH2,75,C,7,OP1,277,3.4695270114830703,ponte de hidrogenio
ARG,16, NH2,75,C,7,OP2,278,2.699654352174704,ponte de hidrogenio
TYR,17, OH,100,U,9,O3',346,3.4882030585091486,ponte de hidrogenio
TYR,17, OH,100,C,10,OP2,370,2.634875024513669,ponte de hidrogenio
LYS,18, NZ,118,A,13,O3',470,2.988374596428075,ponte de hidrogenio
LYS,18, NZ,118,C,14,OP1,496,2.8293590909065274,ponte de hidrogenio
ARG,20, NH1,151,U,9,OP2,340,3.170571345877862,ponte de hidrogenio
ARG,20, NH2,152,C,8,OP1,308,3.3615533907303137,ponte de hidrogenio
ARG,21, NH1,175,C,10,OP2,370,2.9202112367074045,ponte de hidrogenio
ARG,21, NH1,175,U,11,OP2,401,2.781978211811892,ponte de hidrogenio
ARG,21, NH2,176,U,11,OP2,401,2.9823035595801404,ponte de hidrogenio
ARG,21, NH2,176,U,11,O5',402,3.2380977712081704,ponte de hidrogenio
ARG,21, NH2,176,A,12,OP2,431,2.9341245696726044,ponte de hidrogenio
