Numero_do_residuo1, Número_do_atomo1, Residuo1, Atomo1, Numero_do_residuo2, Número_do_atomo2, Residuo2, Atomo2, Distancia, Tipo
ALA,3, N,15,C,2,OP2,405,3.431065449850059,ponte de hidrogenio
ARG,6, NE,63,C,3,OP2,436,3.0703474435928975,ponte de hidrogenio
ARG,6, NH2,66,C,3,OP2,436,3.1270472115080845,ponte de hidrogenio
ARG,7, NH1,89,G,6,O6,543,3.301457551370451,ponte de hidrogenio
ARG,7, NH2,90,G,6,O6,543,2.7688685647967968,ponte de hidrogenio
ARG,7, NH2,90,A,8,OP1,594,3.2714667385252225,ponte de hidrogenio
ARG,8, NE,111,G,6,O6,543,2.565669356042854,ponte de hidrogenio
ARG,8, NH1,113,A,8,O3',601,2.6435168981933774,ponte de hidrogenio
ARG,8, NH1,113,A,9,OP2,628,3.410651207100213,ponte de hidrogenio
ARG,8, NH1,113,A,9,O5',629,3.3375713269330625,ponte de hidrogenio
ARG,8, NH2,114,G,6,O6,543,3.311367633093835,ponte de hidrogenio
ARG,11, NH1,161,U,5,OP2,498,2.430091554463274,ponte de hidrogenio
ARG,11, NH2,162,C,4,OP2,467,2.636100730522717,ponte de hidrogenio
ARG,11, NH2,162,C,4,O5',468,3.249816449190658,ponte de hidrogenio
ARG,11, NH2,162,U,5,OP2,498,2.5490678579487622,ponte de hidrogenio
TRP,18, NE1,275,A,7,C8,573,2.695314888331143,aromatico
TRP,18, NE1,275,A,7,N7,574,3.047756282804614,ponte de hidrogenio
TRP,18, NE1,275,A,7,C5,575,3.366649611275658,ponte de hidrogenio
TRP,18, CZ2,278,A,7,C2,579,3.367583567963717,hidrofobico
TRP,18, CH2,280,A,7,C2,579,3.460556112592084,hidrofobico
LYS,19, NZ,299,A,9,N1,644,3.459408527821732,ponte de hidrogenio
