Numero_do_residuo1, Número_do_atomo1, Residuo1, Atomo1, Numero_do_residuo2, Número_do_atomo2, Residuo2, Atomo2, Distancia, Tipo
PHE,17, CE2,46,C,11,N3,945,2.7712410839524124,aromatico
ARG,49, NH2,86,G,12,O6,978,3.343518115408009,ponte de hidrogenio
THR,52, N,121,G,14,OP2,1030,2.5546175045958637,ponte de hidrogenio
THR,52, OG1,126,A,13,N7,1009,2.8074275581341617,ponte de hidrogenio
ASN,53, N,135,G,14,OP2,1030,3.4166473450153143,ponte de hidrogenio
GLU,86, OE2,266,C,11,N4,947,3.1038626878294573,ponte de hidrogenio
LYS,89, CG,292,C,11,C2',939,3.323530293950565,hidrofobico
LYS,89, CD,293,C,11,C2',939,3.705287125101557,hidrofobico
LYS,89, CE,294,C,11,C2',939,3.0020630418637477,hidrofobico
LYS,89, NZ,295,C,11,N3,945,3.0390667363703603,ponte de hidrogenio
ARG,91, O,319,G,12,N2,981,2.8044110430209357,ponte de hidrogenio
ASP,92, OD1,346,G,12,N2,981,3.306243025370346,ponte de hidrogenio
LYS,94, N,363,A,13,OP2,997,3.2095005504859064,ponte de hidrogenio
LYS,95, N,385,A,13,OP1,996,3.489992002024408,ponte de hidrogenio
LYS,95, N,385,A,13,OP2,997,3.3788715338715125,ponte de hidrogenio
LYS,105, NZ,527,U,8,O4,855,2.785636614321024,ponte de hidrogenio
ARG,127, NE,596,C,9,O2,882,2.736630800812125,ponte de hidrogenio
ARG,127, NH1,598,C,10,O2',909,3.2764558191718915,ponte de hidrogenio
ARG,127, NH2,599,C,9,O2,882,2.740899199075849,ponte de hidrogenio
ARG,127, NH2,599,C,9,N3,883,3.278264167675321,ponte de hidrogenio
ARG,127, NH2,599,C,10,O2,913,3.0273401272659775,ponte de hidrogenio
LYS,136, NZ,656,U,8,O4',844,3.3984219254761654,ponte de hidrogenio
LYS,136, NZ,656,U,8,O2,852,3.3697214173311005,ponte de hidrogenio
TYR,140, CD1,712,C,9,N3,883,2.6848195037697162,aromatico
TYR,140, CE2,715,C,9,C5,886,2.7847831658099724,aromatico
