Numero_do_residuo1, Número_do_atomo1, Residuo1, Atomo1, Numero_do_residuo2, Número_do_atomo2, Residuo2, Atomo2, Distancia, Tipo
ARG,16, NH1,114,U,506,O4',679,3.223733543895359,ponte de hidrogenio
ARG,16, NH1,114,U,506,O2,687,2.6599689255240215,ponte de hidrogenio
ARG,16, NH2,115,U,506,O2,687,2.8742097514893796,ponte de hidrogenio
ASP,22, O,210,G,509,N2,785,2.5054595461784293,ponte de hidrogenio
ARG,23, NH1,228,G,509,O2',775,2.671263507671415,ponte de hidrogenio
GLN,25, O,258,G,509,N1,783,2.684795082981895,ponte de hidrogenio
GLN,25, O,258,G,509,N2,785,2.716983791478473,ponte de hidrogenio
ALA,27, N,282,G,509,O6,782,2.959680295381023,ponte de hidrogenio
ALA,27, O,285,U,506,O2',683,3.0515238972852767,ponte de hidrogenio
TYR,28, O,295,U,506,O2',683,3.4666126986728845,ponte de hidrogenio
TYR,28, O,295,U,506,N3,688,3.353611175473353,ponte de hidrogenio
TYR,28, OH,303,C,505,OP2,644,3.113052264016545,ponte de hidrogenio
ALA,36, N,430,G,509,O6,782,2.909243610828422,ponte de hidrogenio
LYS,41, O,487,C,505,N4,659,3.087955481410926,ponte de hidrogenio
LYS,41, NZ,492,U,506,O4,690,3.3314806716955974,ponte de hidrogenio
LYS,42, NZ,514,C,507,O2,717,2.7098504341208898,ponte de hidrogenio
LYS,42, NZ,514,C,507,N3,718,2.593017290792547,ponte de hidrogenio
