Numero_do_residuo1, Número_do_atomo1, Residuo1, Atomo1, Numero_do_residuo2, Número_do_atomo2, Residuo2, Atomo2, Distancia, Tipo
ASN,16, N,44,G,663,O6,465,2.4864102070602585,ponte de hidrogenio
ASN,16, OD1,50,U,662,N3,443,3.4058266472865566,ponte de hidrogenio
GLU,19, OE2,68,G,663,N2,468,2.9028206557940486,ponte de hidrogenio
LYS,20, NZ,77,A,63,OP1,345,2.8275951921947478,ponte de hidrogenio
LYS,20, NZ,77,C,64,OP2,368,3.34025490890221,ponte de hidrogenio
LEU,44, CD1,93,A,665,C2,510,3.6473815827629443,hidrofobico
ARG,47, NH2,111,A,62,OP2,324,3.015518423776539,ponte de hidrogenio
LEU,49, N,118,G,75,OP1,574,3.3211624314289505,ponte de hidrogenio
LEU,49, N,118,G,75,OP2,575,2.9446776335724123,ponte de hidrogenio
LYS,50, O,129,G,663,O2',458,2.874057781235933,ponte de hidrogenio
ARG,52, O,146,G,663,N1,466,3.4633500966415074,ponte de hidrogenio
ARG,52, NE,150,U,661,O2,422,3.2750883833046447,ponte de hidrogenio
LYS,80, NZ,194,U,662,O4,445,3.0379708886625836,ponte de hidrogenio
GLN,85, OE1,213,C,664,N4,488,2.7554232267767667,ponte de hidrogenio
TYR,86, O,218,C,664,N4,488,2.7332655045381777,ponte de hidrogenio
LYS,88, N,232,C,664,N3,486,3.3238691601118235,ponte de hidrogenio
THR,89, O,244,A,665,N6,508,3.413693755114969,ponte de hidrogenio
ASP,90, O,251,A,665,N6,508,2.9694958201730794,ponte de hidrogenio
ASP,90, O,251,C,666,N4,530,3.0482733232095054,ponte de hidrogenio
SER,91, OG,261,A,665,N1,509,2.8031891031920044,ponte de hidrogenio
ASP,92, N,262,C,666,O2,527,3.3148658508959357,ponte de hidrogenio
ASP,92, N,262,C,666,N3,528,3.444307556987201,ponte de hidrogenio
