Numero_do_residuo1, Número_do_atomo1, Residuo1, Atomo1, Numero_do_residuo2, Número_do_atomo2, Residuo2, Atomo2, Distancia, Tipo
LYS,22, NZ,27,G,4,O6,343,2.886432969087309,ponte de hidrogenio
GLY,27, N,51,A,1,O4',265,3.42100966847427,ponte de hidrogenio
ASP,49, OD1,80,G,4,N2,346,2.796878580272237,ponte de hidrogenio
ASP,49, OD2,81,G,4,N1,344,2.6419069688287284,ponte de hidrogenio
ASP,49, OD2,81,G,4,N2,346,3.4288768461978334,ponte de hidrogenio
ARG,62, NH1,131,G,4,OP1,327,3.38107121077753,ponte de hidrogenio
ARG,62, NH2,132,G,3,OP1,304,3.044613042588756,ponte de hidrogenio
PHE,66, CE2,157,A,2,C2,300,3.6897940531171853,hidrofobico
VAL,97, N,214,A,2,N1,299,2.8568073688814772,ponte de hidrogenio
VAL,97, O,217,G,3,N1,321,2.75569343743203,ponte de hidrogenio
VAL,97, O,217,G,3,N2,323,3.3253749894095295,ponte de hidrogenio
ARG,99, NH1,235,G,3,O2',313,3.361286701698566,ponte de hidrogenio
ARG,99, NH2,236,U,7,O4,388,2.810228659805434,ponte de hidrogenio
