Numero_do_residuo1, Número_do_atomo1, Residuo1, Atomo1, Numero_do_residuo2, Número_do_atomo2, Residuo2, Atomo2, Distancia, Tipo
LYS,201, NZ,9,A,9,O2',614,2.808244919635039,ponte de hidrogenio
GLU,208, OE2,33,A,9,N6,621,2.93284692921903,ponte de hidrogenio
ASN,244, OD1,67,U,8,O2,598,3.3664375762296377,ponte de hidrogenio
ASN,244, OD1,67,U,8,N3,599,2.825220460644641,ponte de hidrogenio
ASN,244, ND2,68,U,8,O2,598,2.8587926052639965,ponte de hidrogenio
TYR,245, OH,80,A,9,N7,618,3.47480177279647,ponte de hidrogenio
TYR,288, CE1,124,A,7,C2,581,3.64996946139167,hidrofobico
TYR,288, CZ,126,A,7,C2,581,3.6981505127517216,hidrofobico
TYR,288, OH,127,A,7,N3,582,3.3578923701838286,ponte de hidrogenio
TYR,288, OH,127,U,8,O4',590,3.339215492809932,ponte de hidrogenio
HIS,326, CB,171,A,7,C2,581,3.778682372926291,hidrofobico
HIS,326, CG,172,A,7,C2,581,3.6861194677257383,hidrofobico
HIS,326, CD2,174,A,7,C2,581,3.3633234993898298,hidrofobico
ARG,364, NE,218,C,5,O2,536,2.867674741999748,ponte de hidrogenio
ARG,364, NH2,221,C,5,N3,537,2.8772405104043552,ponte de hidrogenio
ASN,415, OD1,266,U,3,N3,494,2.9832525089617477,ponte de hidrogenio
ASN,415, ND2,267,U,3,O2,493,2.9178733146207327,ponte de hidrogenio
TYR,416, OH,279,U,3,O2,493,3.3585009480211387,ponte de hidrogenio
LYS,450, NZ,306,G,2,O3',464,3.259141682862555,ponte de hidrogenio
LYS,450, NZ,306,G,2,O2',466,2.8830443911857917,ponte de hidrogenio
LYS,450, NZ,306,U,3,OP1,480,3.346976034169235,ponte de hidrogenio
GLU,457, OE2,342,G,2,N1,474,2.643876460953441,ponte de hidrogenio
GLU,457, OE2,342,G,2,N2,476,2.8159258005434484,ponte de hidrogenio
ASN,500, OD1,388,U,1,N3,451,2.9650267694046426,ponte de hidrogenio
ASN,500, ND2,389,U,1,O2,450,3.1882950034448974,ponte de hidrogenio
TYR,501, OH,401,U,1,O2,450,3.499005176305962,ponte de hidrogenio
LYS,557, NZ,438,U,1,O4,453,3.0217444438010603,ponte de hidrogenio
