Numero_do_residuo1, Número_do_atomo1, Residuo1, Atomo1, Numero_do_residuo2, Número_do_atomo2, Residuo2, Atomo2, Distancia, Tipo
GLU,18, OE2,9,G,4,N1,279,3.1865089222106575,ponte de hidrogenio
GLU,18, OE2,9,G,4,N2,281,3.479348838437815,ponte de hidrogenio
LYS,22, NZ,27,G,3,O6,255,2.696810894642938,ponte de hidrogenio
ASP,49, OD1,52,G,3,N2,258,3.0227130347207947,ponte de hidrogenio
ASP,49, OD2,53,G,3,N1,256,2.6640951652425997,ponte de hidrogenio
ASP,49, OD2,53,G,3,N2,258,3.364513069734034,ponte de hidrogenio
ASP,49, OD2,53,G,4,N2,281,3.1394356520525957,ponte de hidrogenio
ARG,62, NH1,92,G,3,OP1,239,3.4707801994906373,ponte de hidrogenio
ARG,62, NH2,93,G,2,OP1,216,3.1131309942077876,ponte de hidrogenio
PHE,66, CE1,113,A,1,C2,212,3.7755554447419786,hidrofobico
ARG,95, O,135,A,1,N6,210,3.376524686800215,ponte de hidrogenio
VAL,97, N,148,A,1,N1,211,2.732886732259027,ponte de hidrogenio
VAL,97, O,151,G,2,N1,233,2.7090502059187602,ponte de hidrogenio
VAL,97, O,151,G,2,N2,235,3.128176638608572,ponte de hidrogenio
ARG,99, NH1,169,G,2,O2',225,2.743135293909533,ponte de hidrogenio
ARG,99, NH2,170,G,4,O6,278,2.5369067621416055,ponte de hidrogenio
ARG,99, NH2,170,A,5,N1,302,3.474018940928318,ponte de hidrogenio
HIS,108, NE2,195,A,1,C5,208,3.4005939525833835,ponte de hidrogenio
