Numero_do_residuo1, Número_do_atomo1, Residuo1, Atomo1, Numero_do_residuo2, Número_do_atomo2, Residuo2, Atomo2, Distancia, Tipo
GLY,117, N,49,G,4,O6,490,2.9688415513227295,ponte de hidrogenio
LEU,118, O,59,G,2,N1,423,2.669690672568814,ponte de hidrogenio
LEU,118, O,59,G,2,N2,425,2.950254629751658,ponte de hidrogenio
PHE,120, CG,94,A,1,C2,390,3.549954191100377,hidrofobico
PHE,120, CE1,97,A,1,C2,390,3.4400683431711756,hidrofobico
PHE,120, CZ,99,A,1,C2,390,3.766033356237755,hidrofobico
LYS,150, CE,135,A,1,C2,390,3.7094255760492145,hidrofobico
HIS,172, CE1,213,A,5,C2,526,3.610417203174925,hidrofobico
LYS,173, CE,229,A,5,C2,526,3.447700900945494,hidrofobico
ARG,179, NE,266,G,2,O6,422,3.3531167576840537,ponte de hidrogenio
ARG,179, NH1,268,G,2,O6,422,3.4008457814812694,ponte de hidrogenio
ARG,179, NH1,268,G,3,O6,456,2.858050597269533,ponte de hidrogenio
ARG,179, NH2,269,G,2,O6,422,3.495314322596055,ponte de hidrogenio
TYR,180, O,286,G,3,N1,457,2.795992834674129,ponte de hidrogenio
TYR,180, O,286,G,3,N2,459,3.1653735046804985,ponte de hidrogenio
GLU,182, OE2,331,G,3,N2,459,2.7968765344029487,ponte de hidrogenio
PHE,184, CE1,362,U,6,C2',549,3.310737860917989,hidrofobico
