Numero_do_residuo1, Número_do_atomo1, Residuo1, Atomo1, Numero_do_residuo2, Número_do_atomo2, Residuo2, Atomo2, Distancia, Tipo
ASP,283, O,21,C,15,N4,1119,3.040866345886468,ponte de hidrogenio
ASN,285, ND2,51,C,15,O2,1116,3.0091012546976463,ponte de hidrogenio
ASN,285, ND2,51,C,15,N3,1117,3.4186327480036014,ponte de hidrogenio
THR,286, OG1,63,C,15,O4',1108,3.1575571507154354,ponte de hidrogenio
LYS,312, NZ,152,G,2,OP1,722,2.7735086781139233,ponte de hidrogenio
LYS,315, NZ,202,C,3,OP2,757,2.785660579009976,ponte de hidrogenio
LYS,315, NZ,202,A,4,OP2,788,2.7831122346727075,ponte de hidrogenio
LYS,316, NZ,224,A,17,OP2,1165,3.036271331071423,ponte de hidrogenio
TYR,325, CE1,329,A,12,C2,1028,3.3782087543278587,hidrofobico
TYR,325, CZ,331,A,12,C2,1028,3.6454887154602935,hidrofobico
TYR,325, OH,332,C,15,OP1,1103,2.867026010066009,ponte de hidrogenio
THR,326, O,345,U,13,N3,1057,2.8943730979061444,ponte de hidrogenio
ARG,328, N,368,U,13,O4,1059,3.003063703818468,ponte de hidrogenio
ARG,328, NH1,377,A,12,OP2,1011,2.74720448675839,ponte de hidrogenio
LYS,334, NZ,415,U,13,O2,1056,2.932103333373598,ponte de hidrogenio
THR,370, N,548,U,14,O2,1086,2.835300342454285,ponte de hidrogenio
THR,370, O,551,U,14,O3',1080,3.118370348005403,ponte de hidrogenio
THR,370, O,551,U,14,O2',1082,2.730847159210895,ponte de hidrogenio
ARG,371, NH1,571,C,15,O2',1112,3.468407828835367,ponte de hidrogenio
ARG,371, NH2,572,C,15,O2,1116,3.4193995331218985,ponte de hidrogenio
ARG,371, NH2,572,C,15,N3,1117,3.2094533047135485,ponte de hidrogenio
ARG,372, N,586,C,15,OP2,1104,3.3549342412516165,ponte de hidrogenio
ARG,372, CB,590,U,14,C2',1081,3.7404034210329766,hidrofobico
ARG,372, CG,591,U,14,C2',1081,3.602587903530063,hidrofobico
ARG,372, NH1,595,U,14,OP1,1073,2.694177714863134,ponte de hidrogenio
ALA,373, N,610,C,15,OP2,1104,3.107514711500163,ponte de hidrogenio
ASN,376, ND2,659,U,13,OP2,1044,2.807122238982015,ponte de hidrogenio
