Numero_do_residuo1, Número_do_atomo1, Residuo1, Atomo1, Numero_do_residuo2, Número_do_atomo2, Residuo2, Atomo2, Distancia, Tipo
LYS,23, NZ,74,U,601,O5',552,3.4750951520667703,ponte de hidrogenio
ILE,57, CB,164,U,601,C2',558,3.7788874283614255,hidrofobico
ILE,57, CG2,166,U,601,C2',558,3.2101645920051625,hidrofobico
MET,58, N,174,A,600,O4',522,2.796630848718491,ponte de hidrogenio
MET,58, N,174,C,602,OP1,579,3.1749805600029246,ponte de hidrogenio
ASN,59, N,191,C,602,OP1,579,2.799695345789581,ponte de hidrogenio
ASN,59, ND2,198,C,602,OP1,579,2.5883828209712663,ponte de hidrogenio
ASN,59, ND2,198,C,602,OP2,580,3.3764149560780354,ponte de hidrogenio
THR,65, OG1,252,U,601,O2,563,2.6894353950486756,ponte de hidrogenio
LYS,75, NZ,398,A,600,N3,536,3.215802370745956,ponte de hidrogenio
