Numero_do_residuo1, Número_do_atomo1, Residuo1, Atomo1, Numero_do_residuo2, Número_do_atomo2, Residuo2, Atomo2, Distancia, Tipo
LYS,64, NZ,9,U,4,O2,219,2.8745350669092757,ponte de hidrogenio
ASN,67, ND2,42,C,5,O2,239,2.7468584496321746,ponte de hidrogenio
ASN,70, ND2,50,C,5,O2',235,2.994104632754153,ponte de hidrogenio
ASP,83, OD2,85,U,4,N3,220,3.072810353309691,ponte de hidrogenio
LYS,118, NZ,146,C,2,O2',175,2.9291654808363994,ponte de hidrogenio
LYS,118, NZ,146,U,3,OP2,187,2.6605876735213316,ponte de hidrogenio
