Numero_do_residuo1, Número_do_atomo1, Residuo1, Atomo1, Numero_do_residuo2, Número_do_atomo2, Residuo2, Atomo2, Distancia, Tipo
GLN,142, OE1,49,G,10,N1,915,2.7674494183750062,ponte de hidrogenio
GLN,142, OE1,49,G,10,N2,917,2.9629831620251954,ponte de hidrogenio
ARG,171, NH2,74,G,10,O3',905,2.59020781798966,ponte de hidrogenio
HIS,175, ND1,97,G,10,O6,914,3.430698949482805,ponte de hidrogenio
TYR,220, OH,137,G,10,OP1,898,2.469632727309932,ponte de hidrogenio
HIS,223, ND1,156,G,9,O6,891,3.2330195586028543,ponte de hidrogenio
HIS,223, NE2,159,C,8,O2',864,3.4109087241650076,ponte de hidrogenio
HIS,223, NE2,159,C,8,O2,868,3.266839636550515,ponte de hidrogenio
ARG,226, NH1,176,C,8,O2,868,3.4596593834684914,ponte de hidrogenio
ARG,226, NH1,176,C,8,N3,869,2.9067049388232364,ponte de hidrogenio
ARG,226, NH2,177,C,8,O2,868,2.9404715259809913,ponte de hidrogenio
TYR,243, O,199,C,8,N4,871,3.1768322621348335,ponte de hidrogenio
GLY,244, O,211,A,7,N6,849,3.2025990124061954,ponte de hidrogenio
ARG,254, NH1,270,U,4,O4,786,3.099869811492987,ponte de hidrogenio
GLN,307, OE1,322,A,7,N6,849,3.0185311500720142,ponte de hidrogenio
ASN,357, OD1,349,G,6,O2',819,2.639790239381639,ponte de hidrogenio
ASN,357, ND2,350,A,7,O4',838,3.3484344468167366,ponte de hidrogenio
ASN,397, OD1,426,U,5,N3,804,2.860904805503382,ponte de hidrogenio
ASN,397, ND2,427,U,5,O2,803,3.011314196696045,ponte de hidrogenio
GLN,401, OE1,453,U,4,N3,784,2.7196332877856415,ponte de hidrogenio
GLY,431, O,458,U,5,N3,804,3.41122479209658,ponte de hidrogenio
GLY,434, N,474,U,5,O4,806,2.7363041639129797,ponte de hidrogenio
GLN,507, OE1,540,A,2,N6,744,3.302876438399412,ponte de hidrogenio
SER,539, OG,555,A,2,O4',733,3.0793491775733837,ponte de hidrogenio
SER,540, CB,560,A,2,C2,746,3.7259770539294377,hidrofobico
SER,540, OG,561,A,2,N3,747,2.7662526943160914,ponte de hidrogenio
ARG,543, NE,578,A,2,N7,741,3.1959893365522154,ponte de hidrogenio
ARG,543, NH1,580,G,1,O6,721,3.411800796364328,ponte de hidrogenio
ARG,543, NH2,581,A,2,N7,741,3.109069349132052,ponte de hidrogenio
GLU,546, OE2,590,G,1,N1,722,3.280444237003556,ponte de hidrogenio
GLU,546, OE2,590,G,1,N2,724,2.806341846891606,ponte de hidrogenio
SER,577, O,601,G,1,N2,724,3.209493419093136,ponte de hidrogenio
LYS,584, NZ,649,G,1,O6,721,3.2874453231848113,ponte de hidrogenio
