Numero_do_residuo1, Número_do_atomo1, Residuo1, Atomo1, Numero_do_residuo2, Número_do_atomo2, Residuo2, Atomo2, Distancia, Tipo
ASN,4, O,4,U,4,N3,714,3.14927325266616,ponte de hidrogenio
ASN,4, ND2,8,U,4,O2,713,3.2815265357336547,ponte de hidrogenio
THR,6, N,31,U,4,O4,716,2.8252655242096445,ponte de hidrogenio
THR,6, O,34,U,3,N3,684,3.0566303289563015,ponte de hidrogenio
THR,6, OG1,36,U,3,O2,683,2.6598742723509234,ponte de hidrogenio
ASN,7, N,45,U,3,O2,683,3.4109642233961606,ponte de hidrogenio
ASN,7, N,45,U,4,O4,716,2.8457592583580857,ponte de hidrogenio
ASN,7, OD1,51,U,4,O4,716,2.9494137326894556,ponte de hidrogenio
ASN,7, ND2,52,U,4,O4,716,3.2753708258197056,ponte de hidrogenio
ARG,17, NE,119,U,3,O4,686,2.885658244866247,ponte de hidrogenio
ARG,17, NH2,122,U,3,O4,686,2.7653298085753373,ponte de hidrogenio
ASN,22, N,182,U,1,O4',615,3.098658973061645,ponte de hidrogenio
ASP,81, OD2,384,U,1,N3,624,2.774969145457251,ponte de hidrogenio
ALA,85, O,444,U,2,N3,654,2.9368155473372908,ponte de hidrogenio
ARG,92, O,529,U,1,O2',619,2.9649671043899875,ponte de hidrogenio
ARG,92, O,529,U,1,N3,624,3.1637562544695683,ponte de hidrogenio
ARG,92, CZ,534,U,2,C2',648,3.7337670250304305,hidrofobico
ARG,92, NH1,535,U,2,OP2,641,2.9250792207341667,ponte de hidrogenio
GLY,96, N,589,U,1,O4,626,3.039613335513442,ponte de hidrogenio
