Numero_do_residuo1, Número_do_atomo1, Residuo1, Atomo1, Numero_do_residuo2, Número_do_atomo2, Residuo2, Atomo2, Distancia, Tipo
G,31, OP2,64,HIS,59,NE2,1292,2.8037492888301334,ponte de hidrogenio
C,33, N4,143,ARG,57,O,1252,2.969908317666429,ponte de hidrogenio
A,34, OP1,158,ARG,55,NH2,1211,3.4931764845057995,ponte de hidrogenio
A,34, OP2,159,ARG,55,NE,1208,3.3787164359166777,ponte de hidrogenio
A,34, O3',165,ARG,55,NH2,1211,3.3768599294904784,ponte de hidrogenio
C,35, OP1,191,ARG,55,NH2,1211,3.184896864725831,ponte de hidrogenio
C,35, OP2,192,ARG,55,NE,1208,3.0686331856864055,ponte de hidrogenio
C,35, OP2,192,ARG,55,NH2,1211,2.673919876787038,ponte de hidrogenio
A,39, N7,328,ARG,52,NH2,1146,3.089361449745771,ponte de hidrogenio
A,39, C5,329,ARG,52,NH1,1145,3.295122449159675,ponte de hidrogenio
A,39, C6,330,ARG,52,NH1,1145,3.190599019601466,ponte de hidrogenio
G,42, O6,394,ARG,52,NH1,1145,2.9628013039127827,ponte de hidrogenio
U,63, O4',580,ARG,53,NH2,1170,3.2378035355189696,ponte de hidrogenio
U,63, C2',583,GLN,54,CD,1190,3.6947292004619356,hidrofobico
U,63, O2,588,LYS,51,NZ,1122,3.0124684945512814,ponte de hidrogenio
G,64, O6,621,ARG,53,NH1,1169,3.4451857216966433,ponte de hidrogenio
A,65, OP2,640,LYS,51,NZ,1122,2.8279577384931205,ponte de hidrogenio
A,65, O5',641,LYS,51,NZ,1122,3.0543618577425016,ponte de hidrogenio
U,66, OP1,672,ARG,49,NH2,1078,3.472433110932434,ponte de hidrogenio
U,66, OP2,673,ARG,49,NH1,1077,3.136336553906503,ponte de hidrogenio
U,66, OP2,673,ARG,49,NH2,1078,2.7710227232338283,ponte de hidrogenio
U,66, OP2,673,LYS,51,NZ,1122,2.7764810544821725,ponte de hidrogenio
U,66, O5',674,ARG,49,NH1,1077,3.1124837851963747,ponte de hidrogenio
C,67, OP1,702,TYR,47,OH,1051,2.7191956253528335,ponte de hidrogenio
C,67, OP2,703,ARG,49,NH1,1077,2.7623835819621507,ponte de hidrogenio
U,68, OP1,733,GLY,48,N,1061,3.1610576914151043,ponte de hidrogenio
G,69, OP2,764,LYS,50,NZ,1100,2.7412766033226332,ponte de hidrogenio
G,69, O5',765,LYS,50,NZ,1100,3.4549082298622666,ponte de hidrogenio
G,70, OP2,798,ARG,56,NH2,1235,2.8842748225743384,ponte de hidrogenio
G,70, O6,813,ARG,56,NH1,1234,3.0736866821369886,ponte de hidrogenio
G,73, O6,877,ARG,56,NH1,1234,3.2656709950689566,ponte de hidrogenio
A,77, N7,942,ARG,57,NH1,1258,2.8420755675736906,ponte de hidrogenio
