Numero_do_residuo1, Número_do_atomo1, Residuo1, Atomo1, Numero_do_residuo2, Número_do_atomo2, Residuo2, Atomo2, Distancia, Tipo
ARG,118, NE,8,G,202,O6,728,2.805027763106907,ponte de hidrogenio
SER,122, OG,82,A,200,N3,668,3.317038252316965,ponte de hidrogenio
ILE,124, O,105,G,198,N1,601,2.766764260681081,ponte de hidrogenio
ILE,124, O,105,G,198,N2,603,3.038194390190972,ponte de hidrogenio
ILE,148, O,209,U,203,O2',755,2.762999328088558,ponte de hidrogenio
ASN,151, ND2,271,C,199,N3,632,2.989458159020409,ponte de hidrogenio
ARG,153, O,296,U,197,N3,567,2.9031426009351913,ponte de hidrogenio
ARG,153, NE,300,U,197,O5',555,3.2900313810109942,ponte de hidrogenio
ARG,153, NE,300,U,197,O4',558,2.995011314408929,ponte de hidrogenio
ARG,153, NH2,303,U,197,O5',555,2.8897842421725177,ponte de hidrogenio
ARG,153, NH2,303,U,197,O4',558,3.271992439559745,ponte de hidrogenio
GLY,154, N,317,U,197,O2,566,3.3546768337554584,ponte de hidrogenio
LYS,156, NZ,343,U,203,OP1,746,2.8330722763369836,ponte de hidrogenio
GLY,157, O,360,G,198,N2,603,3.151122961755853,ponte de hidrogenio
ARG,184, NE,418,G,198,O6,600,2.9322895345911615,ponte de hidrogenio
ARG,184, NH2,421,G,198,O6,600,2.883077138937233,ponte de hidrogenio
ASN,190, O,452,U,201,N3,696,3.027803644503383,ponte de hidrogenio
THR,192, N,473,U,201,O2,695,3.4970463142327928,ponte de hidrogenio
THR,192, O,476,G,202,N1,729,2.789600566177376,ponte de hidrogenio
THR,192, OG1,478,U,201,O2,695,3.1293268385392956,ponte de hidrogenio
ARG,194, CD,503,G,202,C2',720,3.516645359740109,hidrofobico
ARG,194, NH1,506,G,202,OP2,713,2.8033555462290183,ponte de hidrogenio
