Numero_do_residuo1, Número_do_atomo1, Residuo1, Atomo1, Numero_do_residuo2, Número_do_atomo2, Residuo2, Atomo2, Distancia, Tipo
LYS,15, NZ,86,G,5,O6,808,3.0601180798056657,ponte de hidrogenio
PHE,17, CG,124,A,3,C2,743,3.797449264739942,hidrofobico
ASP,42, OD1,228,G,5,N1,809,3.463905319206171,ponte de hidrogenio
ASP,42, OD2,229,G,5,N1,809,3.040763790652275,ponte de hidrogenio
ARG,55, O,321,U,1,O3',671,3.3344949287791263,ponte de hidrogenio
ARG,55, O,321,U,1,O2',673,2.898542458826525,ponte de hidrogenio
PHE,59, CE1,384,A,3,C2,743,3.3735327180231636,hidrofobico
ARG,82, NH2,420,U,1,O4,680,2.860379068822592,ponte de hidrogenio
LYS,87, NZ,487,U,2,O2,708,3.1585444806728873,ponte de hidrogenio
ALA,89, CB,529,A,3,C2,743,3.773102107652337,hidrofobico
VAL,90, N,535,A,3,N1,742,2.803422818050309,ponte de hidrogenio
VAL,90, O,538,G,4,N1,775,2.848620258103549,ponte de hidrogenio
VAL,90, CG1,540,A,3,C2,743,3.7936985873363236,hidrofobico
ARG,92, NE,569,G,4,O2',767,3.2974435035892267,ponte de hidrogenio
SER,95, OG,618,A,3,O2',734,2.922825459810775,ponte de hidrogenio
ARG,97, NH1,650,A,3,OP2,726,3.4933764590690526,ponte de hidrogenio
