Numero_do_residuo1, Número_do_atomo1, Residuo1, Atomo1, Numero_do_residuo2, Número_do_atomo2, Residuo2, Atomo2, Distancia, Tipo
ARG,564, NH1,25,A,8,OP1,258,3.004173872079731,ponte de hidrogenio
ARG,564, NH2,26,A,8,O5',260,2.936983428336836,ponte de hidrogenio
ARG,581, NH1,50,A,8,OP2,259,2.8361132018251483,ponte de hidrogenio
SER,582, OG,57,C,6,O2,231,2.838921272489613,ponte de hidrogenio
ARG,611, NH1,67,C,6,O3',225,3.208918992791018,ponte de hidrogenio
ARG,611, NH1,67,C,6,O2',227,3.1528099121905884,ponte de hidrogenio
ARG,611, NH1,67,A,8,OP1,258,2.7236400780592853,ponte de hidrogenio
ARG,611, NH2,68,C,6,O3',225,3.071819993358048,ponte de hidrogenio
LYS,628, NZ,82,C,7,O3',245,3.1208995620226085,ponte de hidrogenio
LYS,628, NZ,82,C,7,O2',247,3.2454868672031303,ponte de hidrogenio
LYS,628, NZ,82,A,8,OP2,259,2.8748495643068037,ponte de hidrogenio
ASP,629, OD1,89,C,7,O2',247,3.0585987388209634,ponte de hidrogenio
ASP,629, OD2,90,C,7,O2',247,2.5496212247886114,ponte de hidrogenio
ARG,676, NH1,135,C,7,O2,251,2.937895403283576,ponte de hidrogenio
ARG,676, NH2,137,C,7,O2,251,3.4820055924074333,ponte de hidrogenio
ARG,676, NH2,137,C,7,N3,252,2.8329436838333875,ponte de hidrogenio
ARG,707, NH1,148,A,9,OP1,280,3.074249771523915,ponte de hidrogenio
ARG,707, NH1,148,A,9,OP2,281,3.488163688703478,ponte de hidrogenio
ARG,707, NH2,149,A,9,OP2,281,2.841820533889918,ponte de hidrogenio
ARG,752, NE,176,C,10,OP2,303,2.9629033389538524,ponte de hidrogenio
ARG,770, NE,202,C,10,OP1,302,3.1033976240153534,ponte de hidrogenio
ARG,770, NE,202,C,10,O5',304,3.3738977963672863,ponte de hidrogenio
ARG,770, NH2,205,C,10,O5',304,3.230826527573019,ponte de hidrogenio
