Numero_do_residuo1, Número_do_atomo1, Residuo1, Atomo1, Numero_do_residuo2, Número_do_atomo2, Residuo2, Atomo2, Distancia, Tipo
A,1, N6,15,ARG,187,O,581,3.069383320456327,ponte de hidrogenio
A,2, N6,49,ARG,187,O,581,2.957462737879763,ponte de hidrogenio
A,2, N6,49,ARG,188,O,605,2.912251009141654,ponte de hidrogenio
A,2, C2,51,ARG,190,CG,650,3.7304103347438824,hidrofobico
A,2, C2,51,ARG,190,CD,651,3.710875564861444,hidrofobico
G,3, O6,82,ARG,190,NH2,655,2.9355031795130375,ponte de hidrogenio
G,3, N1,83,SER,194,O,704,3.260148123670003,ponte de hidrogenio
G,3, N2,85,SER,194,O,704,2.702898401894821,ponte de hidrogenio
A,4, OP2,101,ARG,159,NH1,471,3.186966645740431,ponte de hidrogenio
A,4, O5',102,ARG,159,NH1,471,2.8925092175072247,ponte de hidrogenio
A,4, O2',109,ARG,111,NE,225,2.994039176720278,ponte de hidrogenio
A,4, C2,118,ARG,111,CD,224,3.5951839074219882,hidrofobico
A,5, OP2,134,ARG,111,NH2,228,2.749472394095335,ponte de hidrogenio
A,5, O2',142,HIS,200,N,805,2.689577231386701,ponte de hidrogenio
A,5, N6,149,LYS,197,O,748,3.15003672987096,ponte de hidrogenio
A,5, N1,150,TYR,165,OH,554,2.8607327932293525,ponte de hidrogenio
A,5, N1,150,PRO,199,N,791,3.333452572279339,ponte de hidrogenio
A,5, C2,151,PHE,163,CD2,530,3.2811904175207927,hidrofobico
A,5, C2,151,PHE,163,CE2,532,3.3681817589325633,hidrofobico
A,5, C2,151,PRO,199,CB,795,3.434532271611908,hidrofobico
A,5, C2,151,PRO,199,CD,797,3.5553839032806334,hidrofobico
C,6, O2',175,HIS,200,N,805,3.2230674157686114,ponte de hidrogenio
C,6, O2',175,HIS,200,O,808,2.5927892537182378,ponte de hidrogenio
C,6, N4,182,ILE,149,O,369,2.7986764913346835,ponte de hidrogenio
