Numero_do_residuo1, Número_do_atomo1, Residuo1, Atomo1, Numero_do_residuo2, Número_do_atomo2, Residuo2, Atomo2, Distancia, Tipo
LYS,131, O,78,U,7,O3',899,2.7043376694164154,ponte de hidrogenio
LYS,131, O,78,U,7,O2',901,2.9291506669614558,ponte de hidrogenio
LYS,131, NZ,83,G,3,O3',765,3.072639495935842,ponte de hidrogenio
LYS,131, NZ,83,A,4,OP1,792,2.7905953947165,ponte de hidrogenio
ARG,132, N,97,U,7,O3',899,3.372172690217529,ponte de hidrogenio
ARG,133, NE,128,A,4,OP1,792,3.084119352898387,ponte de hidrogenio
ARG,133, NE,128,A,4,OP2,793,3.46361870166132,ponte de hidrogenio
ARG,133, NE,128,A,4,O5',794,3.346917764228427,ponte de hidrogenio
ARG,133, NE,128,U,7,O5',894,3.4503813325525132,ponte de hidrogenio
ARG,133, NH1,130,U,7,OP1,892,3.211682755239112,ponte de hidrogenio
ARG,133, NH1,130,U,7,O5',894,3.2653647871245814,ponte de hidrogenio
ARG,133, NH2,131,A,4,OP2,793,2.677381407375782,ponte de hidrogenio
SER,134, O,148,G,5,N2,844,3.2989718020258256,ponte de hidrogenio
SER,134, OG,150,A,6,OP2,860,3.1241079964720497,ponte de hidrogenio
ARG,138, O,200,G,5,N1,842,2.817693450568776,ponte de hidrogenio
ARG,138, O,200,G,5,N2,844,3.2145307719955714,ponte de hidrogenio
TYR,140, N,231,G,5,O6,841,2.9520258396950965,ponte de hidrogenio
ALA,149, N,326,G,5,O6,841,2.9081777106533093,ponte de hidrogenio
ALA,149, CB,330,A,4,C2,810,3.681334950838306,hidrofobico
LYS,150, NZ,344,A,4,O3',799,3.0988137775119293,ponte de hidrogenio
LYS,150, NZ,344,A,4,O2',801,3.040051767510795,ponte de hidrogenio
LYS,150, NZ,344,G,5,OP2,826,2.830497968556063,ponte de hidrogenio
LYS,160, O,453,G,2,N1,741,2.860717624984161,ponte de hidrogenio
HIS,162, N,482,G,2,O6,740,2.724611475133599,ponte de hidrogenio
VAL,171, N,580,G,2,O6,740,2.712162235870646,ponte de hidrogenio
VAL,171, CG2,586,A,1,C2,708,3.4406986959743353,hidrofobico
