Numero_do_residuo1, Número_do_atomo1, Residuo1, Atomo1, Numero_do_residuo2, Número_do_atomo2, Residuo2, Atomo2, Distancia, Tipo
LYS,201, NZ,9,A,9,O2',632,2.8770401391818257,ponte de hidrogenio
ASN,244, OD1,71,U,8,O2,616,3.4254591473966522,ponte de hidrogenio
ASN,244, OD1,71,U,8,N3,617,2.81895469040739,ponte de hidrogenio
ASN,244, ND2,72,U,8,O2,616,2.898943669214328,ponte de hidrogenio
TYR,245, OH,84,A,9,N7,636,3.4901838250921067,ponte de hidrogenio
ARG,288, NH2,138,U,8,O4',608,3.3895028362473325,ponte de hidrogenio
ASN,323, OD1,170,U,7,O2,596,3.3081867278419352,ponte de hidrogenio
ARG,364, NE,238,C,5,O2,556,2.593011498163507,ponte de hidrogenio
ARG,364, NH2,241,C,5,O2,556,3.178086536215974,ponte de hidrogenio
ARG,364, NH2,241,C,5,N3,557,2.935514875023108,ponte de hidrogenio
ASN,415, OD1,286,U,3,N3,514,3.0351263999698506,ponte de hidrogenio
ASN,415, ND2,287,U,3,O2,513,2.7796480515904256,ponte de hidrogenio
TYR,416, OH,299,U,3,O2,513,3.3759281153867584,ponte de hidrogenio
LYS,450, NZ,326,G,2,O3',484,3.097402093185138,ponte de hidrogenio
LYS,450, NZ,326,G,2,O2',486,2.7502188162012318,ponte de hidrogenio
GLU,457, OE2,362,G,2,N1,494,2.505361910505607,ponte de hidrogenio
GLU,457, OE2,362,G,2,N2,496,2.699163985628416,ponte de hidrogenio
ASN,500, OD1,408,U,1,N3,471,2.853841962698545,ponte de hidrogenio
ASN,500, ND2,409,U,1,O2,470,2.9192604157769257,ponte de hidrogenio
TYR,501, OH,421,U,1,O2,470,3.498548206589843,ponte de hidrogenio
LYS,557, NZ,458,U,1,O4,473,3.096471494992214,ponte de hidrogenio
