Numero_do_residuo1, Número_do_atomo1, Residuo1, Atomo1, Numero_do_residuo2, Número_do_atomo2, Residuo2, Atomo2, Distancia, Tipo
ASP,105, N,12,G,5,O6,1226,3.3887176070851415,ponte de hidrogenio
ASP,105, OD1,18,G,5,N1,1227,2.7317470456164368,ponte de hidrogenio
ASP,105, OD1,18,G,5,N2,1229,3.117682778538056,ponte de hidrogenio
LEU,109, CD2,85,G,3,C2',1157,3.733213491446382,hidrofobico
LYS,145, O,326,G,3,O2',1158,3.3459848796368314,ponte de hidrogenio
LYS,145, NZ,331,G,5,OP1,1210,2.8045502950531858,ponte de hidrogenio
ARG,171, NH2,426,G,3,O6,1165,2.8881705095989556,ponte de hidrogenio
ASP,174, OD1,481,G,3,N1,1166,3.197633678991315,ponte de hidrogenio
ASP,174, OD1,481,G,3,N2,1168,2.834763296966627,ponte de hidrogenio
LYS,176, NZ,495,U,4,O4,1196,3.298054850115831,ponte de hidrogenio
ASN,179, N,542,U,4,O2,1193,2.873960389960008,ponte de hidrogenio
ASN,179, ND2,549,U,4,O2,1193,2.947426601334029,ponte de hidrogenio
LYS,181, NZ,575,G,5,O6,1226,2.975080787138803,ponte de hidrogenio
ARG,197, N,670,A,7,OP2,1274,3.3744441387048116,ponte de hidrogenio
ARG,197, CD,676,G,5,C2',1218,3.5920416710694236,hidrofobico
ARG,197, NE,677,G,5,O2',1219,3.064526724189875,ponte de hidrogenio
ARG,197, NE,677,A,7,OP2,1274,2.774102875318055,ponte de hidrogenio
ARG,197, NH1,679,G,5,O2',1219,3.167882953427448,ponte de hidrogenio
ARG,197, NH2,680,A,7,OP1,1273,2.7764731543596604,ponte de hidrogenio
ARG,227, CG,819,A,7,C2,1291,3.3956695860405848,hidrofobico
ARG,227, CD,820,A,7,C2,1291,3.4573949590188455,hidrofobico
ARG,227, NE,821,A,7,O2',1282,2.935535342053609,ponte de hidrogenio
ARG,227, NE,821,A,7,N3,1292,2.9415889445151326,ponte de hidrogenio
ARG,227, NH2,824,A,7,O3',1280,3.1918389203340722,ponte de hidrogenio
ARG,227, NH2,824,A,7,O2',1282,2.8343624228268878,ponte de hidrogenio
SER,254, O,946,G,5,N2,1229,3.134219189134211,ponte de hidrogenio
SER,258, OG,992,U,8,O4,1321,3.25015669224884,ponte de hidrogenio
ASN,259, O,1001,U,8,N3,1319,2.7781690184256584,ponte de hidrogenio
GLU,261, N,1022,U,8,O2,1318,2.836819093989161,ponte de hidrogenio
GLU,261, O,1025,G,9,N1,1352,2.714267060208575,ponte de hidrogenio
GLU,261, O,1025,G,9,N2,1354,2.8169637226210402,ponte de hidrogenio
LYS,263, CD,1057,G,9,C2',1343,3.73371223729452,hidrofobico
LYS,263, CE,1058,G,9,C2',1343,3.4357955868615444,hidrofobico
LYS,263, NZ,1059,G,9,O2',1344,3.120194975311633,ponte de hidrogenio
