Numero_do_residuo1, Número_do_atomo1, Residuo1, Atomo1, Numero_do_residuo2, Número_do_atomo2, Residuo2, Atomo2, Distancia, Tipo
TYR,34, OH,128,U,116,O2,582,2.9114345124190892,ponte de hidrogenio
LYS,59, NZ,187,A,118,N3,648,3.2262503632312853,ponte de hidrogenio
LYS,59, NZ,187,A,119,N3,681,2.9759647440001267,ponte de hidrogenio
ILE,62, N,237,A,119,O2',671,3.3386973772718536,ponte de hidrogenio
LYS,70, NZ,298,A,119,O3',669,3.067164702678109,ponte de hidrogenio
PHE,74, CE1,340,A,118,C2,647,3.7786127146402833,hidrofobico
LYS,101, NZ,434,U,116,O4,585,3.1899769452735787,ponte de hidrogenio
ARG,106, N,506,U,117,O2,612,3.156840052074207,ponte de hidrogenio
ARG,106, NH2,516,A,118,OP2,630,2.796907222285144,ponte de hidrogenio
