Numero_do_residuo1, Número_do_atomo1, Residuo1, Atomo1, Numero_do_residuo2, Número_do_atomo2, Residuo2, Atomo2, Distancia, Tipo
LYS,14, NZ,9,U,6,O3',613,3.456811102630223,ponte de hidrogenio
ARG,16, NH1,51,G,4,O2',548,3.2654931438784685,ponte de hidrogenio
ARG,16, NH1,51,U,6,O4',611,3.241426898029032,ponte de hidrogenio
ARG,16, NH2,52,U,6,O4',611,3.0500564007156306,ponte de hidrogenio
LEU,18, N,73,G,3,O6,521,3.0864014868254612,ponte de hidrogenio
LEU,18, O,76,G,2,N1,488,2.7601051202741136,ponte de hidrogenio
LEU,18, O,76,G,2,N2,490,3.1962417706266883,ponte de hidrogenio
TRP,20, CD2,113,A,1,C2,455,3.4227735480588697,hidrofobico
TRP,20, CE2,115,A,1,C2,455,3.595268525771045,hidrofobico
TRP,20, CE3,116,A,1,C2,455,3.3304231973888925,hidrofobico
TRP,20, CZ2,117,A,1,C2,455,3.673813068981642,hidrofobico
TRP,20, CZ3,118,A,1,C2,455,3.399359496877856,hidrofobico
TRP,20, CH2,119,A,1,C2,455,3.5542904139475837,hidrofobico
ARG,52, CD,168,A,1,C2,455,3.7974589334443487,hidrofobico
ARG,52, NH1,171,A,1,C6,452,3.235885783269886,ponte de hidrogenio
ARG,52, NH1,171,A,1,N1,454,3.350513071653766,ponte de hidrogenio
GLN,53, O,189,A,1,N6,453,2.8783278071783576,ponte de hidrogenio
SER,54, O,206,A,1,N6,453,3.283397008468846,ponte de hidrogenio
ARG,75, CD,254,A,5,C2,591,3.5973134825007724,hidrofobico
ARG,75, NE,255,A,5,N1,590,2.9085123424218966,ponte de hidrogenio
ARG,81, NE,294,G,3,O6,521,3.1647402943972267,ponte de hidrogenio
ARG,81, NH2,297,G,2,O6,487,3.39466511733486,ponte de hidrogenio
TYR,82, O,314,G,3,N1,522,2.672060954443722,ponte de hidrogenio
TYR,82, OH,322,A,5,C6,588,3.4102124606084674,ponte de hidrogenio
TYR,82, OH,322,A,5,N1,590,3.172659790968921,ponte de hidrogenio
GLU,84, OE2,359,G,3,N2,524,2.7508571329351716,ponte de hidrogenio
VAL,85, N,366,U,6,O2,619,3.4226577769234496,ponte de hidrogenio
VAL,85, O,369,U,6,N3,620,3.3522092110798565,ponte de hidrogenio
