Numero_do_residuo1, Número_do_atomo1, Residuo1, Atomo1, Numero_do_residuo2, Número_do_atomo2, Residuo2, Atomo2, Distancia, Tipo
ASN,336, ND2,8,A,6,N1,332,2.8119758965339634,ponte de hidrogenio
ASN,336, ND2,8,C,7,O2,350,3.0696895054668225,ponte de hidrogenio
ARG,338, NE,16,C,7,O2,350,2.6956070448774736,ponte de hidrogenio
ARG,338, NH2,19,C,7,O2,350,3.438151627246605,ponte de hidrogenio
VAL,339, CG2,26,A,6,C2,333,3.7399347648439116,hidrofobico
TYR,352, OH,55,A,4,C6,286,3.320691327194223,ponte de hidrogenio
TYR,352, OH,55,A,4,N1,288,2.6699863473493153,ponte de hidrogenio
TYR,392, CE1,70,A,4,C2,289,3.777558850196674,hidrofobico
TYR,392, CZ,72,A,4,C2,289,3.65247325973592,hidrofobico
TYR,392, OH,73,A,5,O2',302,3.1494988481804436,ponte de hidrogenio
TYR,406, OH,85,A,4,O4',276,3.15479358269895,ponte de hidrogenio
LYS,436, NZ,111,U,3,OP1,251,2.8076139605959716,ponte de hidrogenio
LYS,436, NZ,111,A,4,OP2,272,2.8543217934731535,ponte de hidrogenio
LYS,436, NZ,111,A,4,O5',273,3.293606552677525,ponte de hidrogenio
THR,437, N,112,U,2,O2,244,2.9589199147269225,ponte de hidrogenio
THR,437, O,115,U,2,N3,245,2.804149948077836,ponte de hidrogenio
TYR,466, OH,136,A,5,N1,310,2.747717343481751,ponte de hidrogenio
ASN,477, ND2,178,A,4,O5',273,3.2333449045610005,ponte de hidrogenio
ASN,477, ND2,178,A,4,O4',276,2.981648262980686,ponte de hidrogenio
ASP,487, N,210,U,2,O4,247,2.9744941153084157,ponte de hidrogenio
ARG,488, N,218,U,2,O4,247,3.0017050030632655,ponte de hidrogenio
ARG,488, NH2,228,U,2,O4',236,3.2316679752446227,ponte de hidrogenio
ARG,488, NH2,228,U,2,O2,244,3.1170076017167743,ponte de hidrogenio
