Numero_do_residuo1, Número_do_atomo1, Residuo1, Atomo1, Numero_do_residuo2, Número_do_atomo2, Residuo2, Atomo2, Distancia, Tipo
TYR,83, CE2,40,G,80,C2',914,3.5813344362966846,hidrofobico
TYR,83, OH,42,C,81,OP1,929,2.4716391739073997,ponte de hidrogenio
ASN,84, N,43,G,80,O6,922,2.8879056769419553,ponte de hidrogenio
ASN,84, ND2,50,G,1,O6,367,3.054660650657259,ponte de hidrogenio
ASN,84, ND2,50,G,80,O6,922,3.0442322836535287,ponte de hidrogenio
SER,85, N,51,G,80,O6,922,2.9181725202340454,ponte de hidrogenio
SER,85, OG,56,G,80,O6,922,3.1675322169567566,ponte de hidrogenio
ARG,88, NH1,74,C,78,OP1,866,3.4242587213187243,ponte de hidrogenio
ARG,88, NH1,74,C,78,OP2,867,2.436992103285238,ponte de hidrogenio
ARG,88, NH1,74,C,79,OP2,887,2.8692732456372787,ponte de hidrogenio
ARG,88, NH2,75,C,79,OP2,887,2.683827130471272,ponte de hidrogenio
ASP,137, OD1,112,G,80,N1,923,2.5742155083735754,ponte de hidrogenio
ASP,137, OD1,112,G,80,N2,925,3.3225651538163974,ponte de hidrogenio
ASP,137, OD2,113,G,80,N2,925,3.2840495927437057,ponte de hidrogenio
LYS,141, NZ,122,G,1,OP1,351,3.47642232205106,ponte de hidrogenio
LYS,142, NZ,131,G,1,O6,367,3.386605125553941,ponte de hidrogenio
LYS,142, NZ,131,G,2,O6,390,2.693270232984815,ponte de hidrogenio
LYS,142, NZ,131,G,77,O6,859,3.2484994505332376,ponte de hidrogenio
TYR,143, OH,143,G,77,O6,859,3.422306260058307,ponte de hidrogenio
LYS,144, N,144,C,76,OP1,823,3.4579851978750784,ponte de hidrogenio
LYS,144, N,144,C,76,OP2,824,2.6398379264557326,ponte de hidrogenio
TRP,145, N,153,C,76,OP1,823,3.1994108671043504,ponte de hidrogenio
TRP,145, NE1,161,G,77,OP2,844,3.0023536985710466,ponte de hidrogenio
ASN,189, ND2,182,C,25,O2',620,2.9836062095204134,ponte de hidrogenio
ASP,192, OD1,195,G,24,N2,607,3.1531913213494045,ponte de hidrogenio
ASP,195, OD2,204,G,24,O2',597,2.9421614327190135,ponte de hidrogenio
ARG,199, NE,228,G,21,OP1,523,2.8963044329958323,ponte de hidrogenio
ARG,199, NH1,230,A,23,N3,585,3.2830163470258364,ponte de hidrogenio
ARG,199, NH2,231,U,19,O2,493,3.456465818209926,ponte de hidrogenio
ARG,199, NH2,231,G,21,OP1,523,3.279254851716671,ponte de hidrogenio
ARG,199, NH2,231,U,22,OP1,546,3.3337156235503373,ponte de hidrogenio
ARG,199, NH2,231,A,23,N3,585,2.7139938670843176,ponte de hidrogenio
ARG,199, NH2,231,U,65,O4,776,2.705302689798799,ponte de hidrogenio
SER,203, OG,253,G,21,O6,539,2.9522711917292015,ponte de hidrogenio
ARG,223, NH1,319,U,22,OP2,547,3.3065284308897493,ponte de hidrogenio
