Numero_do_residuo1, Número_do_atomo1, Residuo1, Atomo1, Numero_do_residuo2, Número_do_atomo2, Residuo2, Atomo2, Distancia, Tipo
ARG,331, NH1,10,U,3,O4,207,2.4667722288517893,ponte de hidrogenio
ASN,361, OD1,50,U,3,N3,205,3.3497528668244807,ponte de hidrogenio
LYS,363, NZ,68,U,4,OP2,212,3.041870859338071,ponte de hidrogenio
VAL,398, O,119,C,2,N4,187,2.884222414686137,ponte de hidrogenio
SER,399, OG,128,C,2,O2,184,2.641482693576675,ponte de hidrogenio
SER,400, N,129,C,2,O2,184,3.2864163371373714,ponte de hidrogenio
SER,400, N,129,C,2,N3,185,2.9535404296608356,ponte de hidrogenio
SER,400, OG,134,C,2,N3,185,3.189919544508835,ponte de hidrogenio
SER,401, N,135,C,2,O2,184,3.153848924510376,ponte de hidrogenio
SER,401, OG,140,U,3,OP1,191,2.7241615720436565,ponte de hidrogenio
