Numero_do_residuo1, Número_do_atomo1, Residuo1, Atomo1, Numero_do_residuo2, Número_do_atomo2, Residuo2, Atomo2, Distancia, Tipo
LYS,66, NZ,9,U,4,O4,916,2.8071941766932333,ponte de hidrogenio
GLY,71, N,66,U,2,O4',845,3.4760359118837605,ponte de hidrogenio
HIS,97, NE2,167,U,4,O3',907,3.0684905336783164,ponte de hidrogenio
HIS,97, NE2,167,A,5,OP1,930,3.35832872287885,ponte de hidrogenio
TYR,110, OH,243,U,3,OP1,870,3.1368421860441886,ponte de hidrogenio
LYS,134, NZ,306,U,2,O2,853,2.922498830202781,ponte de hidrogenio
TYR,136, OH,331,U,2,O4,856,2.972713194212719,ponte de hidrogenio
ASP,146, O,399,C,1,N4,824,3.3828588751241675,ponte de hidrogenio
ARG,152, NE,484,U,3,O4,886,2.8663940995032404,ponte de hidrogenio
PHE,176, CD2,532,A,5,C2,948,3.6090042782591936,hidrofobico
LYS,215, O,626,U,4,O2',909,3.3568537277431214,ponte de hidrogenio
LYS,215, O,626,U,4,N3,914,3.4070415452059395,ponte de hidrogenio
GLY,216, N,645,U,4,O4,916,3.4197609698548206,ponte de hidrogenio
VAL,254, CG1,779,A,5,C2,948,3.2839913678630794,hidrofobico
