Numero_do_residuo1, Número_do_atomo1, Residuo1, Atomo1, Numero_do_residuo2, Número_do_atomo2, Residuo2, Atomo2, Distancia, Tipo
MET,1, N,1,U,107,OP1,907,3.251256846443075,ponte de hidrogenio
MET,1, N,1,U,107,O5',909,2.978563972455971,ponte de hidrogenio
GLY,4, O,53,G,106,N2,892,3.1572415144731787,ponte de hidrogenio
ARG,5, CG,62,U,107,C2',915,3.7251905558956815,hidrofobico
ARG,5, NE,64,G,106,O2',882,3.0707308651629908,ponte de hidrogenio
ARG,5, NE,64,U,107,OP2,908,3.391021845925782,ponte de hidrogenio
ARG,5, NE,64,U,107,O3',914,2.995566270691485,ponte de hidrogenio
ARG,5, NH2,67,U,107,OP2,908,3.182113134659109,ponte de hidrogenio
LYS,17, NZ,131,C,103,OP1,778,2.971168255931278,ponte de hidrogenio
LYS,17, NZ,131,C,103,OP2,779,2.8351805966830588,ponte de hidrogenio
ASN,20, OD1,179,U,102,N3,761,3.3281444853449544,ponte de hidrogenio
ASN,20, OD1,179,U,102,O4,763,3.4870372232737323,ponte de hidrogenio
ASP,42, OD1,225,G,106,N2,892,2.7310271776733437,ponte de hidrogenio
ASP,42, OD2,226,G,106,N1,890,3.316237877839066,ponte de hidrogenio
ASP,42, OD2,226,G,106,N2,892,2.8717448839135575,ponte de hidrogenio
VAL,43, O,234,G,106,N2,892,3.370980447608918,ponte de hidrogenio
TYR,44, OH,258,A,105,O2',849,2.678819343356476,ponte de hidrogenio
TYR,44, OH,258,G,106,O4',878,3.3691161400831304,ponte de hidrogenio
ARG,49, CB,341,A,105,C2,858,3.62605796371227,hidrofobico
ARG,49, NH1,346,G,106,OP1,873,2.835522834159865,ponte de hidrogenio
TYR,50, CE2,370,A,105,C2,858,3.6576780481082913,hidrofobico
ARG,61, NH1,481,C,104,N3,823,2.910706579413815,ponte de hidrogenio
ARG,61, NH2,482,C,104,O2,822,2.8721730804994507,ponte de hidrogenio
ARG,61, NH2,482,C,104,N3,823,3.328932973006445,ponte de hidrogenio
MET,89, O,564,C,103,N4,794,3.1966994430352007,ponte de hidrogenio
ARG,91, N,588,C,103,N3,792,3.0688250872404996,ponte de hidrogenio
GLY,93, O,636,C,104,N4,825,3.0493621847169194,ponte de hidrogenio
ARG,94, NE,647,A,105,OP2,841,2.6632453806378815,ponte de hidrogenio
ARG,94, NH2,650,A,105,OP2,841,3.431683144390113,ponte de hidrogenio
ARG,94, NH2,650,A,105,O5',842,2.9109878478351883,ponte de hidrogenio
SER,98, OG,709,C,104,OP2,810,2.9847375140284824,ponte de hidrogenio
