Numero_do_residuo1, Número_do_atomo1, Residuo1, Atomo1, Numero_do_residuo2, Número_do_atomo2, Residuo2, Atomo2, Distancia, Tipo
ASN,14, ND2,32,U,2,OP2,119,3.0891950579822907,ponte de hidrogenio
ARG,17, NH1,42,U,1,OP1,98,2.78436182363627,ponte de hidrogenio
ARG,17, NH2,43,U,1,OP1,98,3.106549383277167,ponte de hidrogenio
ARG,17, NH2,43,U,2,OP2,119,3.1056004910145862,ponte de hidrogenio
SER,39, OG,69,U,1,O4,114,2.7256674622795054,ponte de hidrogenio
PHE,40, N,70,U,2,O4,134,2.9996404432358705,ponte de hidrogenio
PHE,40, O,73,U,2,N3,132,2.6513083772828456,ponte de hidrogenio
