Numero_do_residuo1, Número_do_atomo1, Residuo1, Atomo1, Numero_do_residuo2, Número_do_atomo2, Residuo2, Atomo2, Distancia, Tipo
LYS,70, NZ,52,U,5,O2,263,2.900529707839513,ponte de hidrogenio
LYS,70, NZ,52,U,7,OP2,291,2.7328455544027275,ponte de hidrogenio
PRO,112, O,144,U,4,N3,244,2.8444920504414166,ponte de hidrogenio
ILE,114, N,153,U,4,O2,243,2.79284121348891,ponte de hidrogenio
ILE,114, O,156,U,4,O2',239,2.706033806391603,ponte de hidrogenio
ARG,115, NH1,176,U,7,OP1,290,3.358779499590242,ponte de hidrogenio
ARG,115, NH2,178,U,7,OP1,290,2.9252062080925647,ponte de hidrogenio
LYS,116, N,180,U,5,OP2,251,2.836596703957205,ponte de hidrogenio
HIS,123, ND1,200,C,6,O2,283,3.376159751276248,ponte de hidrogenio
