Numero_do_residuo1, Número_do_atomo1, Residuo1, Atomo1, Numero_do_residuo2, Número_do_atomo2, Residuo2, Atomo2, Distancia, Tipo
LYS,201, NZ,9,A,12,O3',736,2.843206332710697,ponte de hidrogenio
ASN,244, OD1,67,U,11,O2,722,3.3070391861468678,ponte de hidrogenio
ASN,244, OD1,67,U,11,N3,723,2.767125902400378,ponte de hidrogenio
ASN,244, ND2,68,U,11,O2,722,3.0555548253684663,ponte de hidrogenio
TYR,245, CD2,76,A,12,C2,747,3.758576186651895,hidrofobico
ARG,288, CZ,132,A,10,C2,705,3.65979288713796,hidrofobico
ARG,288, NH1,133,A,10,C6,702,3.2507393802879196,ponte de hidrogenio
ARG,288, NH2,134,U,11,O4',714,3.1601176218281912,ponte de hidrogenio
GLN,291, OE1,142,A,10,N6,703,2.8049747245588184,ponte de hidrogenio
HIS,326, CB,173,A,10,C2,705,3.774627687397367,hidrofobico
HIS,326, CG,174,A,10,C2,705,3.6345280360033856,hidrofobico
HIS,326, CD2,176,A,10,C2,705,3.36372952015914,hidrofobico
ARG,364, NE,220,C,8,O2,660,2.7117633715898024,ponte de hidrogenio
ARG,364, NH2,223,C,8,O2,660,3.4221977186220256,ponte de hidrogenio
ARG,364, NH2,223,C,8,N3,661,2.8275166905835523,ponte de hidrogenio
ASN,415, OD1,268,U,6,O2,617,3.393385506124565,ponte de hidrogenio
ASN,415, OD1,268,U,6,N3,618,2.8815627451732015,ponte de hidrogenio
ASN,415, ND2,269,U,6,O2,617,3.066630944444778,ponte de hidrogenio
LYS,450, NZ,316,G,5,O3',588,3.458728093669686,ponte de hidrogenio
LYS,450, NZ,316,G,5,O2',590,2.9898892732358733,ponte de hidrogenio
LYS,450, NZ,316,U,6,O5',606,3.31294017242382,ponte de hidrogenio
GLU,457, OE2,359,G,5,N1,598,2.6876881555739587,ponte de hidrogenio
GLU,457, OE2,359,G,5,N2,600,2.6796079573767533,ponte de hidrogenio
PHE,495, O,388,C,2,N4,535,3.0342769650181003,ponte de hidrogenio
ASN,500, OD1,432,U,4,N3,575,2.921072456994388,ponte de hidrogenio
ASN,500, ND2,433,U,4,O2,574,2.9552853064764797,ponte de hidrogenio
TYR,501, OH,445,U,4,O2,574,3.471123922638879,ponte de hidrogenio
SER,553, N,484,C,2,O2',528,3.0629440297123276,ponte de hidrogenio
SER,553, N,484,C,2,O2,532,3.1108770528426275,ponte de hidrogenio
SER,553, OG,489,A,3,N3,558,2.798487619263247,ponte de hidrogenio
SER,554, N,490,C,2,O2,532,2.8744642338978594,ponte de hidrogenio
SER,554, OG,495,C,2,O2,532,3.4286679640303985,ponte de hidrogenio
SER,554, OG,495,C,2,N3,533,2.5366693574721526,ponte de hidrogenio
LYS,556, CB,504,A,3,C2,557,3.7909975125146915,hidrofobico
LYS,557, NZ,517,U,4,O4,577,2.909502076222488,ponte de hidrogenio
