Numero_do_residuo1, Número_do_atomo1, Residuo1, Atomo1, Numero_do_residuo2, Número_do_atomo2, Residuo2, Atomo2, Distancia, Tipo
GLU,208, OE2,41,A,8,N6,653,3.3782554749479963,ponte de hidrogenio
ASN,244, OD1,75,U,7,O2,630,3.327627511966812,ponte de hidrogenio
ASN,244, OD1,75,U,7,N3,631,2.8120533906472307,ponte de hidrogenio
ASN,244, ND2,76,U,7,O2,630,2.896335384475146,ponte de hidrogenio
ARG,288, CD,138,A,6,C2,613,3.7349417667368696,hidrofobico
ARG,288, CZ,140,A,6,C2,613,3.5167149189415334,hidrofobico
ARG,288, NH2,142,U,7,O4',622,3.371332365676935,ponte de hidrogenio
GLN,291, OE1,150,A,6,N6,611,3.3792277100517856,ponte de hidrogenio
HIS,326, CB,181,A,6,C2,613,3.6962418466271014,hidrofobico
HIS,326, CG,182,A,6,C2,613,3.776665801283582,hidrofobico
HIS,326, CD2,184,A,6,C2,613,3.716558114991199,hidrofobico
HIS,326, NE2,186,A,5,O2',582,3.3454943233790178,ponte de hidrogenio
HIS,326, NE2,186,A,6,N7,608,3.3281377514518775,ponte de hidrogenio
HIS,326, NE2,186,A,6,C5,609,3.3836463094437206,ponte de hidrogenio
GLN,329, OE1,201,A,5,N6,589,2.9493387159996285,ponte de hidrogenio
LYS,360, NZ,211,A,4,O3',558,2.535251045511969,ponte de hidrogenio
LYS,360, NZ,211,A,4,O2',560,3.2045594515762263,ponte de hidrogenio
LYS,360, NZ,211,A,5,OP1,573,3.0359466976668443,ponte de hidrogenio
TYR,361, OH,223,A,6,OP1,595,3.075701073843505,ponte de hidrogenio
TYR,364, CE1,237,A,4,C2,569,3.528420048583446,hidrofobico
TYR,364, CE1,237,A,5,C2,591,3.618411687081368,hidrofobico
TYR,364, OH,240,A,4,C5,565,3.423146747480329,ponte de hidrogenio
ASN,415, OD1,296,U,3,O2,544,3.4752156252479893,ponte de hidrogenio
ASN,415, OD1,296,U,3,N3,545,2.9869447200067123,ponte de hidrogenio
ASN,415, ND2,297,U,3,O2,544,2.9552809500061477,ponte de hidrogenio
TYR,416, CB,302,A,4,C2,569,3.5557254826815465,hidrofobico
TYR,416, CG,303,A,4,C2,569,3.6570695789906176,hidrofobico
TYR,416, OH,309,A,4,O4',556,3.473324894763656,ponte de hidrogenio
LYS,450, NZ,344,G,2,O3',515,3.207081207741219,ponte de hidrogenio
LYS,450, NZ,344,G,2,O2',517,2.864505688164088,ponte de hidrogenio
LYS,450, NZ,344,U,3,OP1,531,3.4732790411026984,ponte de hidrogenio
GLU,457, OE2,380,G,2,N1,525,2.5567006802772734,ponte de hidrogenio
GLU,457, OE2,380,G,2,N2,527,2.7942428563765493,ponte de hidrogenio
ASN,500, OD1,426,U,1,N3,502,2.8724850144754854,ponte de hidrogenio
ASN,500, ND2,427,U,1,O2,501,3.063194974556539,ponte de hidrogenio
LYS,557, NZ,489,U,1,O4,504,3.1516918846128767,ponte de hidrogenio
