Numero_do_residuo1, Número_do_atomo1, Residuo1, Atomo1, Numero_do_residuo2, Número_do_atomo2, Residuo2, Atomo2, Distancia, Tipo
LYS,7, NZ,39,A,89,O2',663,2.904587136638557,ponte de hidrogenio
MET,11, O,75,C,91,N4,733,3.2956973318275353,ponte de hidrogenio
MET,11, CE,79,A,89,C2,672,3.7772269797989884,hidrofobico
ASN,14, ND2,132,C,91,O2',726,2.951287722380839,ponte de hidrogenio
VAL,31, O,221,G,79,N2,483,2.7243453578119627,ponte de hidrogenio
HIS,32, O,237,G,79,O2',473,2.943580826678778,ponte de hidrogenio
LYS,54, NZ,331,U,82,OP1,561,2.7141129861812705,ponte de hidrogenio
LYS,55, NZ,353,U,97,OP1,907,2.729082926467672,ponte de hidrogenio
LYS,58, NZ,397,G,95,O3',850,2.8036624661105254,ponte de hidrogenio
LYS,58, NZ,397,U,96,OP1,877,2.83787062992999,ponte de hidrogenio
