Numero_do_residuo1, Número_do_atomo1, Residuo1, Atomo1, Numero_do_residuo2, Número_do_atomo2, Residuo2, Atomo2, Distancia, Tipo
SER,418, O,44,G,5,N2,470,3.451386579431332,ponte de hidrogenio
GLN,420, O,62,G,2,N2,372,3.3511114639509145,ponte de hidrogenio
ARG,422, NH2,103,G,2,O4',358,2.978655862477287,ponte de hidrogenio
ASP,425, OD1,140,G,2,N1,370,2.816581985133664,ponte de hidrogenio
ASP,425, OD2,141,G,2,N1,370,2.986337226369797,ponte de hidrogenio
ASP,425, OD2,141,G,2,N2,372,2.7126365416303977,ponte de hidrogenio
ASN,435, OD1,176,U,4,N3,435,3.2581924473059662,ponte de hidrogenio
ASN,435, ND2,177,U,4,O4,437,2.9031223982849617,ponte de hidrogenio
MET,436, O,187,G,3,N1,404,2.789084212702161,ponte de hidrogenio
MET,436, O,187,G,3,N2,406,3.051987335118805,ponte de hidrogenio
PHE,438, N,215,G,3,O6,403,2.8700847902964837,ponte de hidrogenio
PHE,438, CE1,223,G,2,C2',361,3.78994923076998,hidrofobico
PHE,438, CZ,225,G,2,C2',361,3.695717013197599,hidrofobico
SER,439, N,235,G,2,O6,369,2.8205755644712975,ponte de hidrogenio
ARG,441, NE,277,G,3,O6,403,2.7869510298232827,ponte de hidrogenio
ASN,445, ND2,301,U,4,O4,437,2.9780063281277043,ponte de hidrogenio
