Numero_do_residuo1, Número_do_atomo1, Residuo1, Atomo1, Numero_do_residuo2, Número_do_atomo2, Residuo2, Atomo2, Distancia, Tipo
LYS,395, NZ,9,C,4,O3',168,3.30613442346947,ponte de hidrogenio
LYS,395, NZ,9,U,5,OP1,181,2.9381216487122916,ponte de hidrogenio
GLY,442, N,43,U,5,OP1,181,2.8200109431548204,ponte de hidrogenio
ASN,504, O,103,C,4,O2',170,3.3727884464189084,ponte de hidrogenio
SER,505, O,115,C,4,O2',170,3.3952419647600345,ponte de hidrogenio
ARG,506, NH1,127,C,4,OP1,161,2.9032084638836437,ponte de hidrogenio
ARG,506, NH2,128,C,4,N3,175,3.474618844185031,ponte de hidrogenio
ASP,507, N,129,C,4,OP2,162,2.8853490571365112,ponte de hidrogenio
