Numero_do_residuo1, Número_do_atomo1, Residuo1, Atomo1, Numero_do_residuo2, Número_do_atomo2, Residuo2, Atomo2, Distancia, Tipo
LYS,201, NZ,9,U,9,O3',624,3.0895239740501235,ponte de hidrogenio
ASN,244, OD1,67,U,8,O2,610,3.4796056565662035,ponte de hidrogenio
ASN,244, OD1,67,U,8,N3,611,2.8079434253394826,ponte de hidrogenio
ASN,244, ND2,68,U,8,O2,610,2.9797323974683465,ponte de hidrogenio
ARG,288, CZ,124,A,7,C2,593,3.6861589223761344,hidrofobico
ARG,288, NH1,125,A,7,C6,590,3.437535788609863,ponte de hidrogenio
ARG,288, NH2,126,U,8,O4',602,3.48894580692047,ponte de hidrogenio
GLN,291, OE1,141,A,7,N6,591,2.99452600157706,ponte de hidrogenio
HIS,326, CB,183,A,7,C2,593,3.705255466976808,hidrofobico
HIS,326, CG,184,A,7,C2,593,3.544489524684843,hidrofobico
HIS,326, CD2,186,A,7,C2,593,3.283657099321251,hidrofobico
ASN,415, OD1,287,U,3,O2,505,3.4956855066724835,ponte de hidrogenio
ASN,415, OD1,287,U,3,N3,506,2.940098039718114,ponte de hidrogenio
ASN,415, ND2,288,U,3,O2,505,2.8973962604952797,ponte de hidrogenio
TYR,416, OH,300,U,3,O2,505,3.4166010098235278,ponte de hidrogenio
LYS,450, NZ,327,G,2,O3',476,3.29477860026744,ponte de hidrogenio
LYS,450, NZ,327,G,2,O2',478,2.8829135618612596,ponte de hidrogenio
GLU,457, OE2,363,G,2,N1,486,2.641378802992103,ponte de hidrogenio
GLU,457, OE2,363,G,2,N2,488,2.82223969021929,ponte de hidrogenio
ASN,500, OD1,400,U,1,N3,463,2.884009466846182,ponte de hidrogenio
ASN,500, ND2,401,U,1,O2,462,2.9443561812633257,ponte de hidrogenio
TYR,501, OH,413,U,1,O2,462,3.4409865297665245,ponte de hidrogenio
LYS,557, NZ,450,U,1,O4,465,3.061167057108429,ponte de hidrogenio
