Numero_do_residuo1, Número_do_atomo1, Residuo1, Atomo1, Numero_do_residuo2, Número_do_atomo2, Residuo2, Atomo2, Distancia, Tipo
LYS,364, NZ,28,A,5,OP1,557,2.705921468549581,ponte de hidrogenio
VAL,385, N,100,G,2,O6,508,3.480997818145901,ponte de hidrogenio
ARG,407, NH1,188,C,4,O5',528,3.4548164471285028,ponte de hidrogenio
LYS,475, NZ,388,A,5,O3',564,3.348360537286672,ponte de hidrogenio
LYS,475, NZ,388,C,6,OP1,590,2.8441951529053098,ponte de hidrogenio
ARG,478, NE,435,C,4,O5',528,3.4256405252328617,ponte de hidrogenio
ARG,478, NH1,437,C,4,OP1,526,2.961330256922379,ponte de hidrogenio
ARG,478, NH1,437,C,4,O5',528,3.117057013588997,ponte de hidrogenio
ASP,479, N,452,C,4,OP1,526,3.096792863205038,ponte de hidrogenio
