Numero_do_residuo1, Número_do_atomo1, Residuo1, Atomo1, Numero_do_residuo2, Número_do_atomo2, Residuo2, Atomo2, Distancia, Tipo
ARG,4, NE,8,C,79,O2,423,3.339702687993267,ponte de hidrogenio
ARG,4, NH2,11,C,79,O2,423,2.7361561233079743,ponte de hidrogenio
ASN,9, OD1,96,U,78,OP1,380,3.489461974505668,ponte de hidrogenio
ASN,9, ND2,97,U,78,OP1,380,3.2224906740135033,ponte de hidrogenio
ASN,34, OD1,129,U,80,O2,454,3.4241191873038392,ponte de hidrogenio
ASN,34, OD1,129,U,80,N3,455,2.8640307269126333,ponte de hidrogenio
ASN,37, OD1,165,U,81,O2',480,3.356315461555726,ponte de hidrogenio
GLU,70, OE2,334,U,78,N3,394,2.8596958334777085,ponte de hidrogenio
SER,72, OG,362,C,79,N3,424,2.9942801306785847,ponte de hidrogenio
