Numero_do_residuo1, Número_do_atomo1, Residuo1, Atomo1, Numero_do_residuo2, Número_do_atomo2, Residuo2, Atomo2, Distancia, Tipo
A,17, C6,241,ARG,372,NE,690,3.4763734916142486,ponte de hidrogenio
A,17, C6,241,ARG,372,NH2,693,3.2346792769011987,ponte de hidrogenio
A,18, O4',264,SER,376,OG,752,2.4530472469763884,ponte de hidrogenio
A,18, O2',268,SER,376,OG,752,2.6825277773937883,ponte de hidrogenio
A,18, C2,277,ARG,372,CG,688,3.0860983504855493,hidrofobico
A,20, N3,345,LYS,371,NZ,669,2.858764249685224,ponte de hidrogenio
A,21, O4',364,LYS,371,NZ,669,3.139474534695879,ponte de hidrogenio
C,30, O2',529,ALA,395,O,891,2.914908033330286,ponte de hidrogenio
