Numero_do_residuo1, Número_do_atomo1, Residuo1, Atomo1, Numero_do_residuo2, Número_do_atomo2, Residuo2, Atomo2, Distancia, Tipo
TYR,312, OH,19,U,14,OP1,282,2.7291176090247853,ponte de hidrogenio
TYR,317, OH,48,U,13,O3',269,3.0790063206309517,ponte de hidrogenio
PHE,332, CE1,57,U,14,C2',290,3.742021337973323,hidrofobico
ALA,335, N,78,U,14,O4,298,3.2792317314107304,ponte de hidrogenio
TYR,345, OH,113,U,14,OP2,283,2.502939403573124,ponte de hidrogenio
TYR,346, OH,125,U,14,O3',289,2.8461327264521645,ponte de hidrogenio
GLN,349, O,129,G,11,N2,238,2.90314752838953,ponte de hidrogenio
GLN,349, OE1,133,G,11,O2',228,3.0013170530176208,ponte de hidrogenio
TYR,350, OH,146,C,12,O2',251,2.579825193264364,ponte de hidrogenio
TYR,350, OH,146,U,14,OP2,283,2.6181867371558694,ponte de hidrogenio
MET,381, O,174,U,14,O3',289,2.5135039871454343,ponte de hidrogenio
