Numero_do_residuo1, Número_do_atomo1, Residuo1, Atomo1, Numero_do_residuo2, Número_do_atomo2, Residuo2, Atomo2, Distancia, Tipo
TYR,926, OH,19,U,12,OP1,390,2.5605344910253063,ponte de hidrogenio
ARG,927, NE,27,U,11,O3',377,3.429825695268895,ponte de hidrogenio
ARG,927, NE,27,U,12,OP1,390,3.086065439396941,ponte de hidrogenio
ARG,927, NH2,30,U,11,O3',377,3.360371570477706,ponte de hidrogenio
ARG,927, NH2,30,U,12,OP1,390,3.2454192818497956,ponte de hidrogenio
PHE,950, CE1,39,U,12,C2',398,3.750549149041052,hidrofobico
PHE,950, CZ,41,U,12,C2',398,3.7295031830814604,hidrofobico
TYR,961, OH,98,U,12,OP2,391,2.60933278672114,ponte de hidrogenio
TYR,962, OH,110,U,12,O3',397,2.7061558308416647,ponte de hidrogenio
LYS,965, NZ,119,U,11,OP1,370,2.2306348535048066,ponte de hidrogenio
TYR,966, OH,131,U,12,OP2,391,2.563741987746881,ponte de hidrogenio
SER,1006, N,143,A,5,OP2,269,2.989923721412184,ponte de hidrogenio
SER,1006, OG,148,U,6,OP2,291,3.2345445376573294,ponte de hidrogenio
GLN,1021, OE1,220,U,11,O3',377,3.156931435324706,ponte de hidrogenio
GLN,1021, OE1,220,U,11,O2',379,2.776671681058034,ponte de hidrogenio
ILE,1022, O,225,U,12,O3',397,2.662995065859995,ponte de hidrogenio
ILE,1022, O,225,U,12,O2',399,3.470603653787002,ponte de hidrogenio
