Numero_do_residuo1, Número_do_atomo1, Residuo1, Atomo1, Numero_do_residuo2, Número_do_atomo2, Residuo2, Atomo2, Distancia, Tipo
LYS,279, NZ,248,U,2,OP1,935,2.738290479266276,ponte de hidrogenio
TYR,283, OH,317,U,3,O3',972,2.660488651250713,ponte de hidrogenio
TYR,283, OH,317,U,4,O5',997,3.2404696774022703,ponte de hidrogenio
TYR,283, OH,317,U,4,O4',1000,3.1050469261960267,ponte de hidrogenio
TYR,313, OH,372,U,2,O4,951,3.430126952777464,ponte de hidrogenio
LYS,324, NZ,418,U,1,O4',909,3.3808840569488274,ponte de hidrogenio
HIS,358, O,612,U,3,N3,979,3.4669654998603145,ponte de hidrogenio
LYS,386, NZ,701,A,5,OP1,1025,2.84075350664831,ponte de hidrogenio
GLY,392, O,751,U,4,O2',1004,3.402509963380463,ponte de hidrogenio
LYS,422, NZ,825,U,3,OP2,966,2.8161738666211282,ponte de hidrogenio
ASP,427, OD2,846,A,5,N6,1041,2.780321973638954,ponte de hidrogenio
TYR,429, CD1,871,A,5,C2,1043,3.6133232155502197,hidrofobico
