Numero_do_residuo1, Número_do_atomo1, Residuo1, Atomo1, Numero_do_residuo2, Número_do_atomo2, Residuo2, Atomo2, Distancia, Tipo
PRO,108, O,9,G,6,O2',449,2.663132133125183,ponte de hidrogenio
ARG,110, N,20,A,7,OP1,463,2.9576483099052613,ponte de hidrogenio
ARG,110, NE,27,G,8,OP2,486,2.8308694074202143,ponte de hidrogenio
ARG,110, NH2,30,G,8,OP2,486,2.817222360574056,ponte de hidrogenio
GLY,136, N,54,G,8,OP1,485,3.06335328340174,ponte de hidrogenio
GLY,137, N,58,A,9,OP1,508,2.9168842961089845,ponte de hidrogenio
THR,158, OG1,81,G,8,OP1,485,2.6290329425092933,ponte de hidrogenio
GLY,160, N,90,A,7,O3',470,3.340703271389595,ponte de hidrogenio
GLY,160, N,90,A,7,O2',472,3.189896972571007,ponte de hidrogenio
ARG,161, N,94,G,8,OP1,485,2.8845603213801345,ponte de hidrogenio
ARG,161, N,94,G,8,O4',490,3.475549991911619,ponte de hidrogenio
ARG,161, NE,101,G,8,O2',494,3.122759969867479,ponte de hidrogenio
ARG,161, NH2,104,A,9,OP1,508,2.899937819767953,ponte de hidrogenio
ASP,164, OD1,118,G,8,N2,504,3.0788598127524467,ponte de hidrogenio
ASP,164, OD2,119,G,8,O2',494,2.7477704460182313,ponte de hidrogenio
ARG,168, NH2,146,A,9,O4',513,3.2846844818621075,ponte de hidrogenio
ARG,168, NH2,146,A,9,O2',517,3.0924255927099935,ponte de hidrogenio
ARG,190, NE,169,G,4,O6,411,2.875675785417987,ponte de hidrogenio
ARG,190, NH1,171,G,2,OP2,351,2.84627864885215,ponte de hidrogenio
ARG,190, NH1,171,G,2,O5',352,3.133849773728293,ponte de hidrogenio
ARG,190, NH1,171,A,3,OP2,374,3.337339155914718,ponte de hidrogenio
ARG,190, NH2,172,A,3,OP2,374,3.207267947644581,ponte de hidrogenio
ARG,190, NH2,172,A,3,N7,386,2.9997816006318287,ponte de hidrogenio
ARG,190, NH2,172,G,4,O6,411,3.400437741991199,ponte de hidrogenio
GLY,191, O,176,G,6,N2,459,2.9762076419153636,ponte de hidrogenio
ASN,280, O,208,G,4,O2',404,2.717701326017361,ponte de hidrogenio
ARG,282, N,220,A,5,OP1,418,2.736035001140486,ponte de hidrogenio
ARG,282, NE,227,G,6,OP2,441,2.739163113893395,ponte de hidrogenio
ARG,282, NH2,230,G,6,OP2,441,2.912028321149413,ponte de hidrogenio
GLY,304, N,260,G,6,OP1,440,2.690360033410956,ponte de hidrogenio
ARG,311, NH1,290,A,7,OP2,464,3.072643375636485,ponte de hidrogenio
ARG,311, NH2,291,A,7,OP1,463,2.802728675544074,ponte de hidrogenio
ARG,311, NH2,291,A,7,OP2,464,3.4990923930897306,ponte de hidrogenio
THR,329, OG1,297,A,5,O3',425,3.0655964359115395,ponte de hidrogenio
THR,329, OG1,297,G,6,OP1,440,2.5565647146030965,ponte de hidrogenio
