Numero_do_residuo1, Número_do_atomo1, Residuo1, Atomo1, Numero_do_residuo2, Número_do_atomo2, Residuo2, Atomo2, Distancia, Tipo
GLY,295, N,75,G,4,O6,615,2.8507550494222826,ponte de hidrogenio
LEU,296, O,85,G,2,N1,548,3.4327084525118483,ponte de hidrogenio
TYR,298, N,115,G,2,O6,547,3.000704364740104,ponte de hidrogenio
TYR,298, CG,120,A,1,C2,515,3.7602177335720373,hidrofobico
TYR,298, CD2,122,A,1,C2,515,3.796210713615029,hidrofobico
TYR,298, OH,126,A,1,O5',499,2.9647726620883113,ponte de hidrogenio
TYR,298, OH,126,A,1,O4',502,3.4985570658006386,ponte de hidrogenio
GLU,330, OE2,253,G,4,N1,616,2.813643752760813,ponte de hidrogenio
GLU,330, OE2,253,G,4,N2,618,2.9072116368339564,ponte de hidrogenio
ASP,348, O,302,A,5,N6,649,2.908508571675736,ponte de hidrogenio
ARG,349, CD,317,A,5,C2,651,3.770082992733015,hidrofobico
ARG,349, NE,318,A,5,O2',642,3.0159269982161927,ponte de hidrogenio
ARG,349, NE,318,U,6,O3',673,2.97699660292109,ponte de hidrogenio
ARG,355, NE,369,G,3,O6,581,2.779131822115026,ponte de hidrogenio
ARG,355, NH2,372,G,2,O2',540,2.8953678296685537,ponte de hidrogenio
ARG,355, NH2,372,G,3,O6,581,3.2795080011325157,ponte de hidrogenio
TYR,356, N,386,G,3,O6,581,2.80590564339658,ponte de hidrogenio
TYR,356, O,389,G,3,N1,582,2.777905542826196,ponte de hidrogenio
TYR,356, O,389,G,3,N2,584,2.815035715367815,ponte de hidrogenio
TYR,356, OH,397,G,3,O2',574,2.8248560438358616,ponte de hidrogenio
LEU,359, O,444,A,5,N6,649,2.7593698400015017,ponte de hidrogenio
PHE,360, CD2,467,A,5,C2,651,3.5651319719581247,hidrofobico
PHE,360, CE2,469,A,5,C2,651,3.440846011125437,hidrofobico
PHE,360, CE2,469,U,6,C2',674,3.7698234484385953,hidrofobico
PHE,360, CZ,470,U,6,C2',674,3.622775480485485,hidrofobico
