Numero_do_residuo1, Número_do_atomo1, Residuo1, Atomo1, Numero_do_residuo2, Número_do_atomo2, Residuo2, Atomo2, Distancia, Tipo
MET,147, N,38,G,10,O3',346,2.9744650992998936,ponte de hidrogenio
MET,147, O,41,G,10,O3',346,2.7824906571634966,ponte de hidrogenio
MET,147, O,41,G,10,O2',348,2.5024013430482035,ponte de hidrogenio
ARG,185, NH2,87,G,10,O2',348,2.683225736968432,ponte de hidrogenio
HIS,223, NE2,112,U,8,O3',304,3.155342046994702,ponte de hidrogenio
ARG,255, NH1,157,U,7,O4',282,3.33759947210657,ponte de hidrogenio
ARG,256, O,162,U,7,O2',286,2.93325011250902,ponte de hidrogenio
ARG,256, NH1,168,U,8,O2,310,2.989198152581717,ponte de hidrogenio
PRO,257, O,173,U,8,O3',304,3.072988959717462,ponte de hidrogenio
SER,258, OG,182,A,9,OP1,317,2.7216108331912094,ponte de hidrogenio
SER,258, OG,182,A,9,OP2,318,3.418659667891164,ponte de hidrogenio
LEU,259, N,183,A,9,OP1,317,2.500442847129823,ponte de hidrogenio
HIS,278, ND1,213,G,10,OP2,340,2.9801663586566027,ponte de hidrogenio
