Numero_do_residuo1, Número_do_atomo1, Residuo1, Atomo1, Numero_do_residuo2, Número_do_atomo2, Residuo2, Atomo2, Distancia, Tipo
LYS,66, NZ,9,C,1524,OP2,474,3.3774611365103366,ponte de hidrogenio
ARG,207, N,40,A,1531,N1,622,3.182610595171908,ponte de hidrogenio
ARG,207, O,43,A,1531,N6,621,3.0813114307152794,ponte de hidrogenio
GLU,209, OE2,68,G,1530,N1,599,2.6588003145020576,ponte de hidrogenio
GLU,209, OE2,68,G,1530,N2,601,3.4535832856152684,ponte de hidrogenio
ASP,225, N,103,C,1538,O2,762,2.715864118752914,ponte de hidrogenio
ASP,225, N,103,C,1538,N3,763,2.9258110747708,ponte de hidrogenio
ALA,226, N,111,C,1538,O2,762,2.9147423163447774,ponte de hidrogenio
ALA,226, CB,115,C,1538,C2',757,3.7793753524636275,hidrofobico
ASN,227, N,116,C,1538,O2,762,3.441093369981788,ponte de hidrogenio
ARG,241, NH1,155,G,1530,O6,598,2.7602228540482034,ponte de hidrogenio
ASN,243, ND2,173,G,1529,O6,575,3.333020974464929,ponte de hidrogenio
LYS,245, NZ,190,C,1533,N3,661,3.209226129007885,ponte de hidrogenio
ILE,247, CG2,204,A,1531,C2,623,3.565943609608023,hidrofobico
LYS,251, N,226,U,1532,OP1,627,2.7128418491666793,ponte de hidrogenio
ARG,255, NH2,267,A,1531,O3',612,3.090867211828225,ponte de hidrogenio
ARG,255, NH2,267,A,1531,O2',614,3.1234383304932614,ponte de hidrogenio
LEU,256, CD1,274,A,1534,C2,685,3.5998331084243755,hidrofobico
LYS,257, NZ,284,C,1536,OP1,709,3.006862738137705,ponte de hidrogenio
GLY,260, O,296,C,1536,N4,725,3.005309492730279,ponte de hidrogenio
ARG,264, NE,324,C,1536,O2,722,3.3994540393279227,ponte de hidrogenio
ARG,264, NE,324,C,1536,N3,723,2.93726997286488,ponte de hidrogenio
ARG,264, NH2,327,C,1536,O2,722,2.9152850738946188,ponte de hidrogenio
VAL,275, O,347,U,1537,O2',738,2.7695030135637464,ponte de hidrogenio
TYR,276, CD2,358,U,1537,C2',737,3.5930985896967482,hidrofobico
LEU,277, N,363,U,1537,O2,742,2.682790844340561,ponte de hidrogenio
LEU,277, O,366,U,1537,N3,743,2.7255721165338405,ponte de hidrogenio
LEU,279, O,383,C,1535,N4,705,2.7649990601908794,ponte de hidrogenio
TRP,280, CE3,398,A,1534,C2,685,3.201012189046432,hidrofobico
TRP,280, CZ3,400,A,1534,C2,685,3.7491667775492337,hidrofobico
VAL,281, N,402,A,1534,N1,684,2.936204178064046,ponte de hidrogenio
VAL,281, O,405,A,1534,N6,683,2.978388509070285,ponte de hidrogenio
ARG,289, NH2,428,G,1525,OP1,493,2.7677712598564224,ponte de hidrogenio
