Numero_do_residuo1, Número_do_atomo1, Residuo1, Atomo1, Numero_do_residuo2, Número_do_atomo2, Residuo2, Atomo2, Distancia, Tipo
LYS,9, NZ,21,A,100,N1,682,3.0248647864521745,ponte de hidrogenio
PHE,11, CE2,44,A,99,C2,650,3.4510381270065293,hidrofobico
PHE,11, CZ,45,A,99,C2,650,3.6443268778945086,hidrofobico
LEU,38, CD1,109,A,100,C2,683,3.135196682298311,hidrofobico
ARG,49, NE,211,A,101,OP2,699,2.8380670459830784,ponte de hidrogenio
ARG,49, NH2,214,A,100,OP1,665,3.248651811760561,ponte de hidrogenio
ARG,49, NH2,214,A,100,O5',667,2.939789387172179,ponte de hidrogenio
ARG,49, NH2,214,A,101,OP2,699,3.4456468623184078,ponte de hidrogenio
LYS,80, NZ,387,A,99,N1,649,3.328412397270463,ponte de hidrogenio
THR,85, N,443,A,99,N7,645,3.3514986187731277,ponte de hidrogenio
THR,85, O,446,A,100,N6,681,2.829823695106418,ponte de hidrogenio
THR,85, OG1,448,A,99,N7,645,2.9221465448686006,ponte de hidrogenio
PRO,87, N,479,A,100,N7,678,3.424228921118393,ponte de hidrogenio
SER,88, N,493,A,100,OP2,666,3.002232674443162,ponte de hidrogenio
PHE,89, N,504,A,100,OP2,666,3.437208960957157,ponte de hidrogenio
