Numero_do_residuo1, Número_do_atomo1, Residuo1, Atomo1, Numero_do_residuo2, Número_do_atomo2, Residuo2, Atomo2, Distancia, Tipo
ASN,67, ND2,42,C,5,O2',273,3.0966873866586724,ponte de hidrogenio
ASN,67, ND2,42,C,5,O2,277,2.868442520584382,ponte de hidrogenio
ASN,70, OD1,60,C,5,O2',273,3.066485555801695,ponte de hidrogenio
PHE,74, CG,83,A,4,C2,260,3.495366571764441,hidrofobico
PHE,74, CD2,85,A,4,C2,260,3.5245624784748606,hidrofobico
LYS,118, O,175,A,3,N6,236,3.4368807148127156,ponte de hidrogenio
ALA,120, O,188,A,3,N6,236,3.059093527075866,ponte de hidrogenio
