Numero_do_residuo1, Número_do_atomo1, Residuo1, Atomo1, Numero_do_residuo2, Número_do_atomo2, Residuo2, Atomo2, Distancia, Tipo
LYS,64, NZ,9,U,4,O2,217,2.723764027265726,ponte de hidrogenio
ASN,67, ND2,42,C,5,O2,237,2.7739381150298983,ponte de hidrogenio
ASN,70, ND2,50,C,5,O2',233,3.019759432324663,ponte de hidrogenio
ASP,83, OD2,85,U,4,N3,218,3.173476693283715,ponte de hidrogenio
PHE,85, CD2,100,A,3,C2,200,3.6925394569308545,hidrofobico
PHE,85, CE1,101,A,3,C2,200,3.640029269090289,hidrofobico
PHE,85, CE2,102,A,3,C2,200,3.484452045769196,hidrofobico
PHE,85, CZ,103,A,3,C2,200,3.455600041399202,hidrofobico
LYS,118, CD,140,A,3,C2,200,3.5182970531285065,hidrofobico
LYS,118, NZ,142,C,2,O2',171,2.599152969890128,ponte de hidrogenio
LYS,118, NZ,142,A,3,OP2,183,2.4990766727550784,ponte de hidrogenio
