Numero_do_residuo1, Número_do_atomo1, Residuo1, Atomo1, Numero_do_residuo2, Número_do_atomo2, Residuo2, Atomo2, Distancia, Tipo
ARG,742, CG,29,A,8,C2,663,3.6652444913534055,hidrofobico
ARG,742, NH2,34,A,8,O2',654,3.3898387647786863,ponte de hidrogenio
ARG,742, NH2,34,A,8,C5,659,3.4887125019940846,ponte de hidrogenio
GLN,745, OE1,42,A,8,N6,661,2.9360615881195264,ponte de hidrogenio
ASN,777, OD1,76,U,7,O2,638,3.43077205810483,ponte de hidrogenio
ASN,777, OD1,76,U,7,N3,639,2.9931807898696543,ponte de hidrogenio
ASN,777, ND2,77,U,7,O2,638,2.994245095617083,ponte de hidrogenio
TYR,778, CD1,84,A,8,C2,663,3.7251506186123073,hidrofobico
TYR,778, OH,89,U,7,O2,638,3.3293108193162455,ponte de hidrogenio
TYR,778, OH,89,A,8,N7,658,3.371662750493288,ponte de hidrogenio
ARG,814, CD,131,A,6,C2,621,3.7790690035469496,hidrofobico
ARG,814, NH2,135,A,6,N7,616,3.4956362632762343,ponte de hidrogenio
ARG,814, NH2,135,A,6,C5,617,3.313379998546878,ponte de hidrogenio
ASN,849, OD1,160,A,6,O2',612,2.9551639683086695,ponte de hidrogenio
HIS,852, CB,178,A,6,C2,621,3.5261271629317394,hidrofobico
HIS,852, CG,179,A,6,C2,621,3.641938852457782,hidrofobico
HIS,852, ND1,180,A,6,C5,617,3.317736966395322,ponte de hidrogenio
HIS,852, ND1,180,A,6,N3,622,3.4324920240783268,ponte de hidrogenio
HIS,852, NE2,183,G,5,O2',589,3.2178020377617442,ponte de hidrogenio
HIS,852, NE2,183,A,6,N7,616,3.464057015916667,ponte de hidrogenio
HIS,852, NE2,183,A,6,C5,617,3.4920648813588957,ponte de hidrogenio
TYR,885, OH,218,A,6,OP1,603,2.591436434349476,ponte de hidrogenio
ARG,888, NE,232,A,4,O2',567,3.315877524061713,ponte de hidrogenio
ARG,888, NE,232,A,4,N3,577,3.46585071815875,ponte de hidrogenio
ARG,888, NH2,235,A,4,O2',567,3.2529359907342865,ponte de hidrogenio
GLN,891, OE1,243,A,4,N6,574,3.3534442447448423,ponte de hidrogenio
TYR,921, OH,284,G,5,OP1,580,2.6707322203192456,ponte de hidrogenio
ASN,923, OD1,291,U,3,N3,552,2.86907747016095,ponte de hidrogenio
ASN,923, ND2,292,U,3,O2,551,2.9139584274730166,ponte de hidrogenio
TYR,924, CB,297,A,4,C2,576,3.265480439851349,hidrofobico
TYR,924, CG,298,A,4,C2,576,3.439437320289497,hidrofobico
TYR,924, CD1,299,A,4,C2,576,3.680355327286077,hidrofobico
TYR,924, OH,304,U,3,O2,551,3.431519872617589,ponte de hidrogenio
ASN,960, OD1,363,G,2,N1,532,3.4185876950750376,ponte de hidrogenio
ASN,960, OD1,363,G,2,N2,534,3.0021491300073206,ponte de hidrogenio
ASN,960, ND2,364,U,3,O4,554,3.4671282026971526,ponte de hidrogenio
ASN,1002, OD1,425,U,1,N3,509,2.87594754733878,ponte de hidrogenio
ASN,1002, ND2,426,U,1,O2,508,2.86329357357938,ponte de hidrogenio
