Numero_do_residuo1, Número_do_atomo1, Residuo1, Atomo1, Numero_do_residuo2, Número_do_atomo2, Residuo2, Atomo2, Distancia, Tipo
GLU,298, N,90,U,7,O2,626,3.044187485353668,ponte de hidrogenio
TYR,316, OH,108,U,8,O4',638,3.4910936114463955,ponte de hidrogenio
THR,356, N,169,U,6,O2,606,3.4474175006381307,ponte de hidrogenio
SER,357, OG,181,U,5,O2,586,3.409607518673738,ponte de hidrogenio
ASN,462, N,218,U,5,OP1,573,2.933971639744445,ponte de hidrogenio
ASN,462, ND2,225,U,5,OP1,573,2.901770143571935,ponte de hidrogenio
ASN,462, ND2,225,U,6,OP2,594,2.6615394435599193,ponte de hidrogenio
LYS,485, N,256,U,7,OP1,613,3.4675827124314873,ponte de hidrogenio
LYS,485, N,256,U,7,OP2,614,3.0217062554884464,ponte de hidrogenio
SER,486, N,265,U,7,OP2,614,2.976288229653936,ponte de hidrogenio
SER,486, OG,270,U,7,OP2,614,2.666863811675965,ponte de hidrogenio
ARG,537, NH2,292,U,9,O5',655,3.483424035553899,ponte de hidrogenio
THR,553, OG1,298,U,5,O3',580,3.4987496458696006,ponte de hidrogenio
THR,553, OG1,298,U,6,OP1,593,2.704583893394226,ponte de hidrogenio
THR,698, O,364,U,2,O2',522,2.902848581021473,ponte de hidrogenio
SER,699, OG,373,U,3,OP1,533,2.7916939767289306,ponte de hidrogenio
TYR,732, OH,410,U,2,OP1,513,2.507847105363849,ponte de hidrogenio
GLU,733, N,411,U,3,OP1,533,3.0468959709815167,ponte de hidrogenio
SER,761, OG,425,U,3,O3',540,3.484122228648501,ponte de hidrogenio
SER,761, OG,425,U,4,OP2,554,2.9033950400848076,ponte de hidrogenio
ASP,763, OD2,433,U,3,O2',542,2.6935835005778013,ponte de hidrogenio
PHE,788, N,462,U,1,O3',500,3.3119241465852407,ponte de hidrogenio
PHE,788, N,462,U,2,OP1,513,3.027237113797308,ponte de hidrogenio
