Numero_do_residuo1, Número_do_atomo1, Residuo1, Atomo1, Numero_do_residuo2, Número_do_atomo2, Residuo2, Atomo2, Distancia, Tipo
ALA,221, O,17,G,7,O2',723,2.941286771052403,ponte de hidrogenio
PHE,294, CE1,65,U,21,C2',785,3.739997748715952,hidrofobico
PHE,294, CZ,67,U,21,C2',785,3.7673704288834267,hidrofobico
TYR,311, OH,110,U,21,OP2,778,2.5037810343410674,ponte de hidrogenio
HIS,316, NE2,142,U,21,OP1,777,3.391014252569991,ponte de hidrogenio
HIS,316, NE2,142,U,21,OP2,778,3.4714875287449103,ponte de hidrogenio
HIS,336, O,155,U,21,O2',786,2.7410096684772105,ponte de hidrogenio
TYR,338, O,172,U,21,O3',784,2.694273375185442,ponte de hidrogenio
THR,368, OG1,267,G,7,O4',719,2.8057358676473245,ponte de hidrogenio
GLN,548, N,318,G,2,OP2,604,2.727260991996024,ponte de hidrogenio
ASN,551, ND2,351,G,2,OP2,604,2.6470193582597217,ponte de hidrogenio
ASN,562, O,386,G,2,O2',612,3.3312945965900433,ponte de hidrogenio
ASN,562, OD1,389,G,2,N2,622,2.557833353282673,ponte de hidrogenio
LYS,566, NZ,407,G,3,OP1,626,2.8927907717456303,ponte de hidrogenio
LYS,709, NZ,416,U,6,OP2,695,3.169412643699536,ponte de hidrogenio
ARG,714, NH1,436,G,7,OP1,714,3.1594219321246775,ponte de hidrogenio
ARG,714, NH2,437,G,7,OP1,714,2.7089565635964243,ponte de hidrogenio
HIS,753, NE2,447,G,5,O3',678,3.182155092162953,ponte de hidrogenio
HIS,753, NE2,447,U,6,OP1,694,2.847686892999995,ponte de hidrogenio
GLN,757, OE1,472,G,5,N2,690,2.5030685666088948,ponte de hidrogenio
ARG,761, N,491,U,6,OP1,694,2.7894650978138062,ponte de hidrogenio
ARG,761, NE,498,G,7,OP2,715,2.780750701319812,ponte de hidrogenio
ARG,761, NH2,501,U,8,OP2,738,2.5776369499875584,ponte de hidrogenio
TYR,790, OH,520,A,4,OP1,649,2.6409406304061585,ponte de hidrogenio
ARG,792, NE,528,A,4,OP1,649,3.0512632411746057,ponte de hidrogenio
ARG,792, NH2,531,A,4,OP1,649,2.837640424438192,ponte de hidrogenio
ARG,792, NH2,531,A,4,OP2,650,3.4829737835143044,ponte de hidrogenio
SER,798, N,562,G,5,OP1,671,2.8128223658298523,ponte de hidrogenio
SER,798, OG,567,G,5,OP1,671,2.674279452812634,ponte de hidrogenio
TYR,804, OH,587,A,4,O5',651,3.476448931607117,ponte de hidrogenio
TYR,804, OH,587,G,5,OP2,672,2.7302338549602294,ponte de hidrogenio
