Numero_do_residuo1, Número_do_atomo1, Residuo1, Atomo1, Numero_do_residuo2, Número_do_atomo2, Residuo2, Atomo2, Distancia, Tipo
ARG,1, N,1,C,8,OP2,326,3.31428479748981,ponte de hidrogenio
ARG,1, NE,8,G,9,OP2,355,3.2567207098712796,ponte de hidrogenio
ARG,1, NH2,11,G,9,OP2,355,2.3983121460205625,ponte de hidrogenio
ARG,3, NE,48,G,11,O6,430,2.958308922751997,ponte de hidrogenio
ARG,3, NH2,51,G,11,O6,430,2.27028466225325,ponte de hidrogenio
ARG,5, NH1,88,U,16,O4,554,2.398080010130052,ponte de hidrogenio
ARG,5, NH2,89,U,16,O4,554,3.1778490154874217,ponte de hidrogenio
ARG,8, CD,138,A,18,C2,613,2.9235635865839833,hidrofobico
ARG,8, NE,139,A,18,C6,610,3.009708272794741,ponte de hidrogenio
ARG,8, NE,139,A,18,N1,612,2.3787889874501196,ponte de hidrogenio
ARG,8, NE,139,A,18,N3,614,3.3614523918415364,ponte de hidrogenio
ARG,8, NE,139,U,20,O4,670,3.0070040322249145,ponte de hidrogenio
ARG,8, CZ,140,A,18,C2,613,3.6536844495752328,hidrofobico
ARG,8, NH2,142,A,18,C6,610,3.196122418939191,ponte de hidrogenio
ARG,8, NH2,142,U,20,O4,670,3.3205293472387836,ponte de hidrogenio
