Numero_do_residuo1, Número_do_atomo1, Residuo1, Atomo1, Numero_do_residuo2, Número_do_atomo2, Residuo2, Atomo2, Distancia, Tipo
ASN,13, OD1,27,U,4,N3,469,2.8111588565338494,ponte de hidrogenio
ASN,13, OD1,27,U,4,O4,471,3.341888479987161,ponte de hidrogenio
TRP,14, N,29,U,3,O4,451,2.808144396832309,ponte de hidrogenio
ARG,33, NH2,76,U,5,OP2,476,2.601057765443902,ponte de hidrogenio
ARG,359, NH1,167,U,3,O2,448,3.2962949703593294,ponte de hidrogenio
ARG,359, NH2,168,U,3,O2,448,3.038147462511865,ponte de hidrogenio
PHE,381, N,177,U,5,O4,491,2.730208355844074,ponte de hidrogenio
TYR,383, OH,204,U,5,O2,488,3.3885070936610866,ponte de hidrogenio
THR,540, O,298,G,8,N1,537,2.6605795188853603,ponte de hidrogenio
THR,540, O,298,G,8,N2,539,2.7933350222847264,ponte de hidrogenio
ASN,582, O,329,G,8,N2,539,2.840593199766996,ponte de hidrogenio
LYS,641, NZ,357,G,8,O4',525,2.5821037340017448,ponte de hidrogenio
ARG,684, NH1,386,U,7,OP2,501,2.809095908146782,ponte de hidrogenio
