Numero_do_residuo1, Número_do_atomo1, Residuo1, Atomo1, Numero_do_residuo2, Número_do_atomo2, Residuo2, Atomo2, Distancia, Tipo
ARG,18, NE,49,G,221,O2',1404,3.2232294116252134,ponte de hidrogenio
ARG,18, NH2,52,G,221,O2',1404,3.1906333930701924,ponte de hidrogenio
LEU,20, O,76,G,218,N1,1313,2.6889004274476265,ponte de hidrogenio
LEU,20, O,76,G,218,N2,1315,2.7481590524645445,ponte de hidrogenio
TYR,22, N,102,G,218,O6,1312,3.0331982516159335,ponte de hidrogenio
GLN,31, N,192,G,218,O6,1312,2.736006331871469,ponte de hidrogenio
PRO,35, O,249,G,226,O2',1562,3.47237200265598,ponte de hidrogenio
ARG,46, NE,399,C,216,OP1,1235,3.36669535923682,ponte de hidrogenio
ARG,46, NH2,402,C,216,O5',1237,3.3402469146282576,ponte de hidrogenio
LEU,49, CD1,449,A,168,C2,862,3.3040757932028444,hidrofobico
CYS,50, O,465,U,198,O2',1079,3.3355884235357314,ponte de hidrogenio
ASN,51, O,475,U,198,O2',1079,3.1716431782010255,ponte de hidrogenio
MET,53, O,496,G,199,N2,1119,2.762416551805407,ponte de hidrogenio
LYS,58, CE,565,A,168,C2,862,3.7018198538154903,hidrofobico
GLN,59, O,583,A,197,N6,1053,2.7551284134252056,ponte de hidrogenio
ARG,61, N,607,A,197,N7,1050,2.965271045717871,ponte de hidrogenio
LYS,62, O,634,G,196,N2,1022,2.752839183368423,ponte de hidrogenio
LYS,62, CG,636,G,196,C2',1011,3.3951752537928415,hidrofobico
LYS,62, CD,637,G,196,C2',1011,3.379821300635724,hidrofobico
ARG,63, O,656,G,196,N2,1022,3.3972054890133627,ponte de hidrogenio
