Numero_do_residuo1, Número_do_atomo1, Residuo1, Atomo1, Numero_do_residuo2, Número_do_atomo2, Residuo2, Atomo2, Distancia, Tipo
LYS,22, NZ,29,G,4,O6,360,3.025390625,ponte de hidrogenio
PHE,24, CZ,40,A,1,C2,295,3.701849866785289,hidrofobico
GLY,27, N,53,A,1,N7,290,2.982773755692665,ponte de hidrogenio
ASP,49, OD1,71,G,4,N2,363,3.02581063120135,ponte de hidrogenio
ASP,49, OD2,72,G,4,N1,361,2.681988676173849,ponte de hidrogenio
ASP,49, OD2,72,G,4,N2,363,3.4730415259244882,ponte de hidrogenio
ARG,62, NH2,152,A,2,OP1,299,2.918550936263734,ponte de hidrogenio
ARG,62, NH2,152,G,3,OP1,321,3.0873921116809138,ponte de hidrogenio
PHE,66, CE1,176,A,2,C2,317,3.7671169000668843,hidrofobico
GLU,92, OE2,194,A,1,N6,293,2.669753096519323,ponte de hidrogenio
LYS,94, NZ,203,A,1,N1,294,3.4445664339784217,ponte de hidrogenio
VAL,97, N,220,A,2,N1,316,2.8217406315881632,ponte de hidrogenio
VAL,97, O,223,G,3,N1,338,2.7039271581194666,ponte de hidrogenio
VAL,97, O,223,G,3,N2,340,3.207916100525045,ponte de hidrogenio
ARG,99, NH1,241,G,3,O2',330,2.795516552628603,ponte de hidrogenio
ARG,99, NH2,242,G,4,O6,360,2.954916435906179,ponte de hidrogenio
