Numero_do_residuo1, Número_do_atomo1, Residuo1, Atomo1, Numero_do_residuo2, Número_do_atomo2, Residuo2, Atomo2, Distancia, Tipo
TYR,13, OH,26,A,35,O4',838,2.8413599051932588,ponte de hidrogenio
LYS,20, O,64,C,24,N4,591,3.2566508685236073,ponte de hidrogenio
LYS,22, NZ,110,U,25,O4,622,2.981468343036663,ponte de hidrogenio
LYS,23, NZ,132,A,22,OP1,512,3.1324642301741155,ponte de hidrogenio
ARG,47, NE,224,U,23,OP2,546,2.848129086687188,ponte de hidrogenio
ARG,47, NH1,226,A,22,C5,526,3.2706213880417305,ponte de hidrogenio
ARG,47, NH1,226,A,22,C6,527,3.2362977730358553,ponte de hidrogenio
ARG,47, NH1,226,G,26,O6,652,2.8114698430763636,ponte de hidrogenio
ARG,47, NH2,227,U,23,O5',547,3.220103451506383,ponte de hidrogenio
ARG,47, NH2,227,U,23,O4',550,3.41027426324293,ponte de hidrogenio
ARG,49, NH2,268,G,28,OP2,704,2.7233408610388916,ponte de hidrogenio
ARG,52, NH2,320,G,34,O6,815,3.445349729860143,ponte de hidrogenio
ARG,52, NH2,320,G,36,O6,882,2.9837414133869657,ponte de hidrogenio
PHE,56, CE2,360,A,35,C2,851,3.6663022871740267,hidrofobico
GLN,85, OE1,378,A,35,N6,849,3.15690605974523,ponte de hidrogenio
TYR,86, O,391,A,35,N6,849,2.997087972669132,ponte de hidrogenio
LYS,88, N,419,A,35,N1,850,2.88032519544345,ponte de hidrogenio
