Numero_do_residuo1, Número_do_atomo1, Residuo1, Atomo1, Numero_do_residuo2, Número_do_atomo2, Residuo2, Atomo2, Distancia, Tipo
ARG,111, O,22,G,4,N2,722,3.4521159773491585,ponte de hidrogenio
ARG,111, NE,26,G,4,O3',710,3.064044018212603,ponte de hidrogenio
ARG,111, NE,26,G,4,O2',712,3.1283046796567318,ponte de hidrogenio
ARG,111, NE,26,A,5,OP2,738,3.348999608538455,ponte de hidrogenio
ARG,111, NH2,29,G,4,O3',710,3.3406948499808355,ponte de hidrogenio
ARG,111, NH2,29,G,4,O2',712,2.9040098683423388,ponte de hidrogenio
PHE,123, CZ,170,A,5,C2,755,3.712259607206423,hidrofobico
PHE,163, CG,320,A,6,C2,788,3.350588641475519,hidrofobico
TYR,165, OH,362,A,6,N1,787,2.910236700597293,ponte de hidrogenio
ARG,187, NH1,402,A,3,OP1,670,2.8591868854616855,ponte de hidrogenio
ARG,187, NH2,403,A,3,OP1,670,2.9612246250854395,ponte de hidrogenio
ARG,187, NH2,403,A,3,O4',675,3.0563286082762073,ponte de hidrogenio
ARG,190, NE,467,G,4,O6,719,2.8069405604511837,ponte de hidrogenio
ARG,190, CZ,468,A,3,C2,688,3.7298959342205174,hidrofobico
ARG,190, NH2,470,A,3,O2',679,3.0654646867526525,ponte de hidrogenio
ASP,192, OD2,507,G,4,N1,720,2.8671020162452567,ponte de hidrogenio
ASP,192, OD2,507,G,4,N2,722,2.8879211977301797,ponte de hidrogenio
PHE,193, O,515,A,5,N6,753,2.832787816507705,ponte de hidrogenio
ILE,195, N,543,A,5,N7,750,2.97428426387328,ponte de hidrogenio
THR,196, O,565,A,6,N6,786,2.7916773231264997,ponte de hidrogenio
THR,196, OG1,567,A,5,O2',746,3.1867531294112665,ponte de hidrogenio
ARG,198, NE,605,A,6,O2',779,3.2518267266163683,ponte de hidrogenio
ARG,198, NE,605,A,6,N3,789,3.156190777213565,ponte de hidrogenio
ARG,198, CZ,606,A,6,C2,788,3.769794735569516,hidrofobico
ARG,198, NH2,608,A,6,N3,789,2.9548338129137615,ponte de hidrogenio
