Numero_do_residuo1, Número_do_atomo1, Residuo1, Atomo1, Numero_do_residuo2, Número_do_atomo2, Residuo2, Atomo2, Distancia, Tipo
ARG,17, O,28,U,8,N3,492,2.8543901193584613,ponte de hidrogenio
ARG,17, NH1,34,G,6,O4',419,2.9965880382888503,ponte de hidrogenio
ARG,17, NH1,34,G,6,O2',423,3.410475463608911,ponte de hidrogenio
ARG,17, NH2,35,G,6,O4',419,2.8645263296293244,ponte de hidrogenio
ARG,18, CD,55,U,8,C2',486,3.5645523851761585,hidrofobico
ASP,22, O,106,G,9,N2,527,2.757123390964824,ponte de hidrogenio
ARG,23, NE,122,G,9,O2',517,3.178677935216545,ponte de hidrogenio
ARG,23, NE,122,G,45,OP1,609,2.8556861638118645,ponte de hidrogenio
ARG,23, NH2,125,G,9,O2',517,2.877463570636785,ponte de hidrogenio
ARG,23, NH2,125,G,45,OP1,609,3.4609248245041586,ponte de hidrogenio
GLN,25, O,154,G,9,N1,525,2.7944722003792823,ponte de hidrogenio
GLN,25, O,154,G,9,N2,527,2.75290387896957,ponte de hidrogenio
ALA,27, N,178,G,9,O6,524,3.0153443200923804,ponte de hidrogenio
LYS,30, NZ,227,G,6,O2',423,2.952954968598374,ponte de hidrogenio
LYS,30, NZ,227,U,8,O4,494,2.7991764253849576,ponte de hidrogenio
ALA,36, N,282,G,9,O6,524,2.943217779751925,ponte de hidrogenio
LYS,42, NZ,354,U,7,O2,461,2.818920267380125,ponte de hidrogenio
