Numero_do_residuo1, Número_do_atomo1, Residuo1, Atomo1, Numero_do_residuo2, Número_do_atomo2, Residuo2, Atomo2, Distancia, Tipo
PRO,43, N,1,G,14,O2',715,3.130521854857467,ponte de hidrogenio
PRO,43, N,1,A,15,O4',745,3.400977858002754,ponte de hidrogenio
PRO,43, O,4,G,14,N2,725,2.890170664780476,ponte de hidrogenio
LYS,46, NZ,43,A,31,OP1,990,2.8212339634200814,ponte de hidrogenio
ASN,47, ND2,64,C,29,O3',935,2.7549892595639096,ponte de hidrogenio
ASN,47, ND2,64,C,29,O2',937,3.2372708095889506,ponte de hidrogenio
ASN,47, ND2,64,C,30,OP1,959,2.972527118940945,ponte de hidrogenio
ASN,53, ND2,111,C,28,O2',906,3.474153451239422,ponte de hidrogenio
SER,70, O,268,G,6,N2,559,2.7875813630550508,ponte de hidrogenio
HIS,71, ND1,282,C,38,O2',1094,2.9527773374946134,ponte de hidrogenio
HIS,71, ND1,282,U,39,O4',1121,3.3811709184970717,ponte de hidrogenio
ARG,91, O,376,G,7,O3',581,3.4970904927335917,ponte de hidrogenio
ARG,91, NH1,382,G,6,O3',547,3.257367952236487,ponte de hidrogenio
ARG,91, NH1,382,G,6,O2',549,3.2056678169055117,ponte de hidrogenio
ASN,92, ND2,404,G,7,OP1,574,2.793485665670515,ponte de hidrogenio
LYS,93, N,411,U,8,OP1,608,3.0791652103019715,ponte de hidrogenio
LYS,93, NZ,419,G,9,OP1,638,2.775089341521111,ponte de hidrogenio
LYS,97, NZ,482,C,29,OP1,928,3.177245005678794,ponte de hidrogenio
