Numero_do_residuo1, Número_do_atomo1, Residuo1, Atomo1, Numero_do_residuo2, Número_do_atomo2, Residuo2, Atomo2, Distancia, Tipo
GLY,104, O,61,U,6,O2',333,2.988153272892775,ponte de hidrogenio
PRO,105, N,62,U,6,O2,337,3.3659699754650845,ponte de hidrogenio
ARG,106, N,69,A,7,OP1,344,2.560384668119749,ponte de hidrogenio
LYS,111, NZ,112,A,8,O3',373,2.8123734339740167,ponte de hidrogenio
LYS,111, NZ,112,A,8,O2',375,3.063798745809159,ponte de hidrogenio
LYS,111, NZ,112,C,9,OP1,388,3.389260294283581,ponte de hidrogenio
LYS,120, NZ,130,C,9,O3',395,3.397105269361049,ponte de hidrogenio
LYS,120, NZ,130,C,9,O2',397,3.145821442907906,ponte de hidrogenio
VAL,123, N,139,A,8,C6,381,3.464446413810235,ponte de hidrogenio
VAL,123, N,139,A,8,N1,383,2.557873899809977,ponte de hidrogenio
VAL,123, O,142,A,8,N6,382,2.6415565247142636,ponte de hidrogenio
ARG,124, NE,153,C,9,O2,401,3.4331108508815906,ponte de hidrogenio
ARG,124, NH2,156,C,9,O2,401,2.1585329658159407,ponte de hidrogenio
ARG,124, NH2,156,A,10,O4',413,3.4396337649096513,ponte de hidrogenio
ARG,130, NH1,176,A,7,O2',353,3.4522177768849587,ponte de hidrogenio
ARG,130, NH1,176,A,7,N7,357,3.4586264857554,ponte de hidrogenio
ARG,130, NH1,176,A,7,C5,358,3.11195396934534,ponte de hidrogenio
ARG,130, NH1,176,A,7,N3,363,3.4765065392265777,ponte de hidrogenio
LYS,190, NZ,215,C,5,O2,317,3.487148258970574,ponte de hidrogenio
GLN,193, OE1,223,U,6,N3,338,3.120727975965798,ponte de hidrogenio
