Numero_do_residuo1, Número_do_atomo1, Residuo1, Atomo1, Numero_do_residuo2, Número_do_atomo2, Residuo2, Atomo2, Distancia, Tipo
LYS,54, N,33,G,6,OP1,298,2.588642284707145,ponte de hidrogenio
LYS,54, NZ,41,C,7,OP1,321,3.1887321334691245,ponte de hidrogenio
LYS,54, NZ,41,C,7,OP2,322,2.6671488047889653,ponte de hidrogenio
ALA,114, N,140,C,17,OP1,423,2.606609958152157,ponte de hidrogenio
SER,130, OG,158,A,26,O2',537,3.1517587565647407,ponte de hidrogenio
SER,130, OG,158,A,26,N3,547,2.5502856300302463,ponte de hidrogenio
SER,130, OG,158,U,27,O4',555,3.430389262985393,ponte de hidrogenio
SER,132, OG,171,A,24,O2',495,2.7034267190998933,ponte de hidrogenio
SER,132, OG,171,A,24,N3,505,3.452634888816956,ponte de hidrogenio
LYS,133, NZ,180,A,24,O3',493,3.401491813994111,ponte de hidrogenio
LYS,133, NZ,180,A,24,O2',495,3.072672240455468,ponte de hidrogenio
THR,146, OG1,206,C,16,O2',412,3.1089075398455637,ponte de hidrogenio
GLY,147, N,208,C,16,O3',410,3.4510212699701133,ponte de hidrogenio
GLY,147, N,208,C,16,O2',412,3.01589079164861,ponte de hidrogenio
