Numero_do_residuo1, Número_do_atomo1, Residuo1, Atomo1, Numero_do_residuo2, Número_do_atomo2, Residuo2, Atomo2, Distancia, Tipo
ASP,72, OD1,18,U,11,O3',545,3.337527751450049,ponte de hidrogenio
ASP,72, OD1,18,U,11,O2',547,2.3588530108302384,ponte de hidrogenio
GLN,82, OE1,47,C,67,O3',948,3.4297933019077163,ponte de hidrogenio
GLN,82, OE1,47,C,67,O2',950,2.9442290481219655,ponte de hidrogenio
GLY,88, O,64,G,66,O2',927,3.2766706209621326,ponte de hidrogenio
SER,91, N,76,C,67,OP1,941,3.0366431954820574,ponte de hidrogenio
SER,91, OG,81,C,67,OP1,941,3.1175738790731957,ponte de hidrogenio
SER,91, OG,81,C,67,O5',943,3.4679497147888694,ponte de hidrogenio
SER,91, OG,81,G,68,OP2,962,2.8187272538242176,ponte de hidrogenio
GLN,547, O,188,A,37,N6,849,3.119707585105524,ponte de hidrogenio
ARG,548, N,194,A,37,N7,846,3.344406063567907,ponte de hidrogenio
ARG,548, NH1,203,C,36,O3',820,3.473206689933459,ponte de hidrogenio
ARG,548, NH1,203,C,36,O2',822,2.771772459728966,ponte de hidrogenio
ARG,548, NH2,204,C,36,O2,826,2.868657787561324,ponte de hidrogenio
ASN,570, OD1,240,C,34,N4,789,3.393298804426608,ponte de hidrogenio
SER,596, OG,258,A,28,OP1,644,2.7984474918904882,ponte de hidrogenio
SER,596, OG,258,A,28,OP2,645,3.2259327271572236,ponte de hidrogenio
SER,597, OG,264,A,29,OP2,667,2.8442692544584998,ponte de hidrogenio
SER,599, OG,274,U,38,OP2,856,2.2439570339393793,ponte de hidrogenio
ARG,602, NE,294,C,27,OP2,625,3.016070397251085,ponte de hidrogenio
TYR,604, OH,320,C,35,O2,806,2.679309784985618,ponte de hidrogenio
ARG,606, NE,333,C,27,OP1,624,2.6496601714560377,ponte de hidrogenio
GLU,609, OE2,353,A,37,N6,849,2.9976678366358853,ponte de hidrogenio
ASP,619, OD2,376,C,35,N4,809,2.5849682238929703,ponte de hidrogenio
ARG,633, NE,407,C,36,N3,827,2.9951194163669568,ponte de hidrogenio
ARG,633, NH2,410,C,36,O2,826,3.101525909438602,ponte de hidrogenio
MET,638, O,414,C,36,N4,829,2.786012579419175,ponte de hidrogenio
