Numero_do_residuo1, Número_do_atomo1, Residuo1, Atomo1, Numero_do_residuo2, Número_do_atomo2, Residuo2, Atomo2, Distancia, Tipo
CYS,419, O,4,G,111,N1,345,3.3901410438656154,ponte de hidrogenio
LYS,420, O,10,U,110,O2',317,2.574599288575723,ponte de hidrogenio
LYS,420, CB,11,U,110,C2',316,3.6700694738147606,hidrofobico
TYR,424, CG,49,A,109,C2,304,3.5840391898056163,hidrofobico
TYR,424, CD2,51,A,109,C2,304,3.571027487985256,hidrofobico
HIS,456, NE2,89,U,112,O2,364,3.358549930475658,ponte de hidrogenio
SER,482, OG,138,G,113,O4',376,3.4488745028347596,ponte de hidrogenio
SER,482, OG,138,G,113,O2',380,3.465509911871525,ponte de hidrogenio
ASN,486, OD1,159,U,112,O3',358,3.1645986597235396,ponte de hidrogenio
ASN,486, OD1,159,U,112,O2',360,2.6870674849831664,ponte de hidrogenio
ARG,488, NH2,171,G,113,OP1,371,3.267495235798638,ponte de hidrogenio
ARG,488, NH2,171,C,114,OP2,395,2.9664773373428543,ponte de hidrogenio
HIS,489, NE2,181,U,112,O3',358,3.2010190414057806,ponte de hidrogenio
HIS,489, NE2,181,G,113,OP1,371,2.5698893004447734,ponte de hidrogenio
TYR,490, OH,193,U,112,O4,367,3.453830422546469,ponte de hidrogenio
