Numero_do_residuo1, Número_do_atomo1, Residuo1, Atomo1, Numero_do_residuo2, Número_do_atomo2, Residuo2, Atomo2, Distancia, Tipo
ARG,148, CB,154,A,53,C2,631,3.4405627391424063,hidrofobico
ARG,148, NE,157,G,52,O6,595,3.0592681024440855,ponte de hidrogenio
ARG,148, NH2,160,G,52,O6,595,3.3862494437216197,ponte de hidrogenio
PRO,150, N,193,A,53,N3,632,3.4367203261746213,ponte de hidrogenio
ARG,153, NE,244,A,53,O3',620,3.39010517688634,ponte de hidrogenio
ARG,153, NE,244,A,53,O2',622,2.8459940010913667,ponte de hidrogenio
ARG,153, NH2,247,A,53,O4',618,2.967683299315994,ponte de hidrogenio
ARG,153, NH2,247,A,53,O2',622,3.033243055013253,ponte de hidrogenio
ARG,158, NH1,290,G,50,OP1,512,3.1959305517602856,ponte de hidrogenio
ARG,158, NH1,290,G,50,OP2,513,3.3278486110201366,ponte de hidrogenio
ARG,158, NH2,291,G,50,OP2,513,2.808715987430355,ponte de hidrogenio
TYR,162, CB,339,A,51,C2,564,3.599031498225561,hidrofobico
TYR,162, CG,340,A,51,C2,564,3.215964584288431,hidrofobico
TYR,162, CD2,342,A,51,C2,564,3.0297649717926567,hidrofobico
TYR,162, CE2,344,A,51,C2,564,3.5020168487997516,hidrofobico
TYR,162, OH,346,A,51,O4',551,2.8093703765321902,ponte de hidrogenio
LYS,191, NZ,411,G,50,O6,528,3.1310384774099287,ponte de hidrogenio
ASN,194, OD1,458,G,50,N1,529,3.277919423191193,ponte de hidrogenio
ASN,194, OD1,458,G,50,N2,531,3.067621736108402,ponte de hidrogenio
