Numero_do_residuo1, Número_do_atomo1, Residuo1, Atomo1, Numero_do_residuo2, Número_do_atomo2, Residuo2, Atomo2, Distancia, Tipo
ARG,150, NH1,34,U,607,O2,1107,2.8737075222438486,ponte de hidrogenio
ARG,150, NH2,35,U,608,O2,1137,3.3448353369630146,ponte de hidrogenio
TYR,152, OH,60,U,606,OP1,1064,2.8129578959395416,ponte de hidrogenio
ASP,194, O,176,U,605,N3,1048,3.3857141608571033,ponte de hidrogenio
LYS,195, O,188,U,605,N3,1048,3.4892209144774506,ponte de hidrogenio
LYS,195, NZ,193,U,605,O2,1047,3.1506983210033206,ponte de hidrogenio
LYS,225, NZ,284,U,604,O2,1017,3.2586623439552036,ponte de hidrogenio
LYS,225, NZ,284,U,605,OP1,1034,3.3593991300913904,ponte de hidrogenio
ARG,228, O,325,U,606,N3,1078,2.9571023627615762,ponte de hidrogenio
HIS,230, N,360,U,606,O2,1077,3.325273752057573,ponte de hidrogenio
HIS,230, N,360,U,607,O4,1110,3.1578224721804906,ponte de hidrogenio
ASP,231, N,378,U,607,O4,1110,2.9936605866206247,ponte de hidrogenio
ASP,231, OD1,384,U,607,N3,1108,2.985846990294493,ponte de hidrogenio
LYS,260, NZ,436,U,604,O4,1020,2.8356188550432266,ponte de hidrogenio
ASN,289, ND2,543,U,604,O2,1017,2.660343113188394,ponte de hidrogenio
THR,296, OG1,645,U,601,O4,929,3.481369432903801,ponte de hidrogenio
LYS,300, O,694,U,601,O2',922,2.472558668962167,ponte de hidrogenio
LYS,300, NZ,699,U,601,O2,926,2.2823088814315273,ponte de hidrogenio
TYR,302, OH,731,U,604,OP1,1004,2.558949686000762,ponte de hidrogenio
ALA,335, O,897,U,603,N3,988,3.2873896243056113,ponte de hidrogenio
