Numero_do_residuo1, Número_do_atomo1, Residuo1, Atomo1, Numero_do_residuo2, Número_do_atomo2, Residuo2, Atomo2, Distancia, Tipo
ARG,9, NH1,86,C,101,OP2,926,3.436262150614971,ponte de hidrogenio
ARG,9, NH1,86,U,102,OP2,957,2.9571521890518024,ponte de hidrogenio
ARG,9, NH2,87,U,102,OP2,957,3.0804494997952125,ponte de hidrogenio
ASP,10, N,101,C,109,O3',1176,2.94753547782998,ponte de hidrogenio
GLN,44, OE1,224,C,97,N4,815,2.846430427015964,ponte de hidrogenio
ALA,52, O,317,C,101,N4,941,2.8581752240314255,ponte de hidrogenio
PHE,54, N,334,C,101,O2,938,3.0036324126952123,ponte de hidrogenio
PHE,54, N,334,C,101,N3,939,2.9342084258456675,ponte de hidrogenio
ASP,55, N,354,C,101,O2,938,3.4974762127866987,ponte de hidrogenio
ARG,63, NH1,438,C,101,O4',930,3.334826961300452,ponte de hidrogenio
ARG,63, NH1,438,C,101,O2,938,3.0803750426599654,ponte de hidrogenio
ARG,63, NH2,439,C,101,O4',930,3.0176218961732366,ponte de hidrogenio
LYS,67, N,477,G,100,O6,907,3.1982275763025023,ponte de hidrogenio
LYS,67, NZ,485,C,99,O3',867,3.041412464824356,ponte de hidrogenio
LYS,67, NZ,485,C,99,O2',869,3.116316365293908,ponte de hidrogenio
LYS,67, NZ,485,G,100,OP1,891,3.450672642469268,ponte de hidrogenio
TYR,68, OH,510,C,99,O2',869,3.0145204725128703,ponte de hidrogenio
TYR,68, OH,510,G,100,O2',900,3.131632061642433,ponte de hidrogenio
GLY,83, O,609,U,103,N3,1000,3.380863324123921,ponte de hidrogenio
ARG,84, NH1,622,U,105,OP1,1046,3.2491382043150683,ponte de hidrogenio
ASN,86, ND2,658,U,103,O4,1002,2.822981820756387,ponte de hidrogenio
LEU,87, N,665,C,108,O2,1151,3.475112715615203,ponte de hidrogenio
LEU,87, O,668,C,107,N4,1123,2.822090497242724,ponte de hidrogenio
