Numero_do_residuo1, Número_do_atomo1, Residuo1, Atomo1, Numero_do_residuo2, Número_do_atomo2, Residuo2, Atomo2, Distancia, Tipo
SER,429, O,264,G,494,N2,802,3.0618139004456024,ponte de hidrogenio
LYS,431, NZ,290,G,496,O6,863,3.0584548392485944,ponte de hidrogenio
ILE,434, N,340,U,495,O4,833,2.8574896261405702,ponte de hidrogenio
ILE,434, O,343,U,495,N3,831,2.8136546837597822,ponte de hidrogenio
LYS,436, NZ,379,U,495,O3',824,3.1892577168113463,ponte de hidrogenio
LYS,436, NZ,379,G,496,OP1,847,3.2575068707807193,ponte de hidrogenio
LYS,436, NZ,379,G,496,O5',849,3.037803408692821,ponte de hidrogenio
ASN,439, OD1,416,G,496,N2,866,3.2562869957636256,ponte de hidrogenio
LYS,442, NZ,462,U,491,O4',693,3.39851873892663,ponte de hidrogenio
SER,448, OG,548,G,494,O6,799,3.1876501908166888,ponte de hidrogenio
LYS,473, NZ,583,G,492,O6,735,3.4893743803559083,ponte de hidrogenio
LYS,477, NZ,641,G,494,OP2,784,2.8489493324002773,ponte de hidrogenio
ARG,478, N,655,U,493,O2,766,2.9259373784902984,ponte de hidrogenio
ARG,478, NH2,665,U,493,O4,769,2.924368707071648,ponte de hidrogenio
