Numero_do_residuo1, Número_do_atomo1, Residuo1, Atomo1, Numero_do_residuo2, Número_do_atomo2, Residuo2, Atomo2, Distancia, Tipo
ARG,176, NE,71,A,5,OP1,157,3.2512989382817103,ponte de hidrogenio
ASP,203, OD1,88,G,4,N2,153,2.9147257932067916,ponte de hidrogenio
ASP,203, OD2,89,G,4,N1,151,2.9361900493011746,ponte de hidrogenio
ASP,203, OD2,89,G,4,N2,153,3.2623385451548597,ponte de hidrogenio
TYR,205, OH,101,G,3,O6,127,3.4657101069492464,ponte de hidrogenio
TYR,205, OH,101,A,5,OP1,157,3.414976647940868,ponte de hidrogenio
