Numero_do_residuo1, Número_do_atomo1, Residuo1, Atomo1, Numero_do_residuo2, Número_do_atomo2, Residuo2, Atomo2, Distancia, Tipo
PRO,188, O,9,U,5,O2',506,2.71592109216104,ponte de hidrogenio
ARG,190, N,20,U,6,OP1,517,2.896018280783012,ponte de hidrogenio
ARG,190, NE,27,U,7,OP2,538,2.7601339711278907,ponte de hidrogenio
ARG,190, NH2,30,U,7,OP2,538,3.1095709810842664,ponte de hidrogenio
GLY,220, N,54,U,7,OP1,537,3.1739806153270957,ponte de hidrogenio
GLY,221, N,58,U,8,OP1,557,2.9652392057063635,ponte de hidrogenio
PHE,224, CE1,85,U,10,C2',605,3.731422693802488,hidrofobico
THR,242, OG1,117,U,7,OP1,537,2.671395331264105,ponte de hidrogenio
ARG,245, N,130,U,7,OP1,537,2.935554022155305,ponte de hidrogenio
ARG,245, N,130,U,7,O4',542,3.2487227057337473,ponte de hidrogenio
ARG,245, NH2,140,U,7,O3',544,3.4758412502372122,ponte de hidrogenio
ARG,245, NH2,140,U,8,OP1,557,2.848256491362458,ponte de hidrogenio
ASP,248, OD1,155,U,10,O2',606,2.619802324540065,ponte de hidrogenio
ASP,248, OD2,156,U,7,O2',546,2.669772207422642,ponte de hidrogenio
ASP,248, OD2,156,U,10,O3',604,2.7243575222420024,ponte de hidrogenio
ASP,248, OD2,156,U,10,O2',606,3.32770575090034,ponte de hidrogenio
ARG,271, NH2,188,U,4,O2,490,3.093554712162226,ponte de hidrogenio
VAL,383, N,226,U,4,OP1,477,2.820534483397374,ponte de hidrogenio
LYS,384, NZ,241,U,3,OP2,458,2.559784823106561,ponte de hidrogenio
GLY,408, N,263,U,5,OP1,497,2.6329039605891507,ponte de hidrogenio
ARG,415, NH1,300,U,6,OP2,518,3.1010292805578206,ponte de hidrogenio
ARG,415, NH2,301,U,6,OP1,517,2.763715181584281,ponte de hidrogenio
THR,433, OG1,307,U,4,O3',484,3.2154054023637975,ponte de hidrogenio
THR,433, OG1,307,U,5,OP1,497,2.714614177849685,ponte de hidrogenio
SER,539, OG,394,U,3,O2,470,3.285996410151986,ponte de hidrogenio
SER,573, N,409,U,1,O4,440,3.491100031018118,ponte de hidrogenio
