Numero_do_residuo1, Número_do_atomo1, Residuo1, Atomo1, Numero_do_residuo2, Número_do_atomo2, Residuo2, Atomo2, Distancia, Tipo
GLY,111, N,99,C,2,O5',690,2.566291702013432,ponte de hidrogenio
ARG,146, NH1,323,G,4,OP1,752,3.0456808244241773,ponte de hidrogenio
ARG,146, NH2,324,G,4,OP1,752,3.482832357590457,ponte de hidrogenio
ARG,178, NH2,491,C,2,O2,701,2.885580248734595,ponte de hidrogenio
ALA,180, CB,531,A,3,C2,737,3.7766772908136796,hidrofobico
LEU,181, N,537,A,3,N1,736,3.236502569604517,ponte de hidrogenio
LEU,181, O,540,G,4,N1,769,2.965508226963711,ponte de hidrogenio
LEU,181, O,540,G,4,N2,771,2.8986084263006267,ponte de hidrogenio
LEU,181, CD2,544,A,3,C2,737,3.7600621331945296,hidrofobico
LYS,183, CE,574,G,4,C2',760,3.5872501140054522,hidrofobico
LYS,183, NZ,575,U,6,OP1,816,2.7862481629205997,ponte de hidrogenio
