Numero_do_residuo1, Número_do_atomo1, Residuo1, Atomo1, Numero_do_residuo2, Número_do_atomo2, Residuo2, Atomo2, Distancia, Tipo
HIS,3, ND1,31,C,2175,OP1,990,2.586879961848195,ponte de hidrogenio
LYS,5, N,39,U,2130,OP1,640,2.958976478692022,ponte de hidrogenio
ARG,6, NE,55,C,2129,OP1,620,2.986936418692491,ponte de hidrogenio
TYR,7, OH,70,A,2176,OP1,1010,2.421604658235645,ponte de hidrogenio
LYS,36, N,102,C,2128,OP1,600,2.8063652949448072,ponte de hidrogenio
THR,40, OG1,135,G,2124,O3',516,3.3738579407222833,ponte de hidrogenio
THR,40, OG1,135,G,2125,OP1,532,2.581404201529153,ponte de hidrogenio
GLU,42, OE2,152,G,2124,O2',518,2.699487167681177,ponte de hidrogenio
HIS,44, NE2,169,A,2176,O2',1019,3.270984395096355,ponte de hidrogenio
LYS,46, NZ,183,C,2178,OP1,1052,3.03592345214358,ponte de hidrogenio
LYS,70, NZ,192,G,2125,OP1,532,3.4809764487487076,ponte de hidrogenio
ARG,134, NH1,240,A,2170,OP1,904,3.1827542748647626,ponte de hidrogenio
ARG,134, NH2,241,A,2170,OP1,904,2.934111568500955,ponte de hidrogenio
ARG,134, NH2,241,A,2171,OP2,927,2.8623804858715824,ponte de hidrogenio
ASP,166, OD2,268,G,2121,N2,462,2.8928313212108505,ponte de hidrogenio
THR,168, OG1,283,C,2178,O2',1061,2.571866849605953,ponte de hidrogenio
HIS,172, NE2,311,U,2122,O2,479,2.932964963613306,ponte de hidrogenio
SER,211, OG,338,C,2178,OP1,1052,2.6711515819250327,ponte de hidrogenio
THR,217, O,368,G,2124,N2,528,2.978381304604512,ponte de hidrogenio
THR,217, O,368,C,2175,O2',999,3.3582832869089283,ponte de hidrogenio
THR,217, OG1,370,G,2124,O2',518,2.859356822805526,ponte de hidrogenio
GLY,219, N,380,C,2175,O2',999,3.4205040820102566,ponte de hidrogenio
GLY,219, O,383,C,2175,O3',997,3.2373014470194943,ponte de hidrogenio
GLY,219, O,383,C,2175,O2',999,2.673727274651453,ponte de hidrogenio
SER,221, OG,396,A,2176,O3',1017,3.3288885682358678,ponte de hidrogenio
SER,221, OG,396,C,2177,OP1,1032,2.786425201123967,ponte de hidrogenio
