Numero_do_residuo1, Número_do_atomo1, Residuo1, Atomo1, Numero_do_residuo2, Número_do_atomo2, Residuo2, Atomo2, Distancia, Tipo
LYS,36, NZ,9,G,6,O6,778,2.7783787511703357,ponte de hidrogenio
LEU,42, O,95,G,2,N1,651,2.909308024453984,ponte de hidrogenio
LEU,42, O,95,G,2,N2,653,2.7831217436018627,ponte de hidrogenio
TYR,44, N,125,G,2,O6,650,3.123969251395889,ponte de hidrogenio
TYR,44, OH,136,U,3,O4,684,2.7978669863503742,ponte de hidrogenio
ARG,76, O,330,G,2,N2,653,2.9380935718549024,ponte de hidrogenio
ARG,103, NH2,437,G,2,OP2,635,3.47432391498832,ponte de hidrogenio
ASN,106, ND2,458,G,4,O6,714,3.191933633845788,ponte de hidrogenio
GLY,113, O,551,U,5,O2',741,3.197737018787005,ponte de hidrogenio
