Numero_do_residuo1, Número_do_atomo1, Residuo1, Atomo1, Numero_do_residuo2, Número_do_atomo2, Residuo2, Atomo2, Distancia, Tipo
LYS,361, NZ,17,C,4,O3',262,3.393944166049038,ponte de hidrogenio
LYS,361, NZ,17,U,5,OP1,275,2.7812306264138265,ponte de hidrogenio
PRO,381, N,34,G,2,O6,248,3.2941977672490363,ponte de hidrogenio
VAL,382, N,41,G,2,O6,248,2.9496442677299823,ponte de hidrogenio
GLU,405, N,86,U,5,OP1,275,3.0298150195571965,ponte de hidrogenio
LYS,472, NZ,166,U,5,O3',282,3.0504320557797566,ponte de hidrogenio
GLY,474, N,175,C,4,O2',264,3.053849751751781,ponte de hidrogenio
GLY,474, O,178,C,4,O2',264,3.236226754221083,ponte de hidrogenio
ARG,475, NH2,189,C,4,OP1,255,2.9221010171712445,ponte de hidrogenio
ASP,476, N,190,C,4,OP2,256,2.743948781105449,ponte de hidrogenio
ASP,476, O,193,G,1,N2,228,2.9923755397425653,ponte de hidrogenio
