Numero_do_residuo1, Número_do_atomo1, Residuo1, Atomo1, Numero_do_residuo2, Número_do_atomo2, Residuo2, Atomo2, Distancia, Tipo
G,3, OP1,25,LYS,37,NZ,309,2.693032536029282,ponte de hidrogenio
G,4, OP1,48,ARG,41,NH1,328,2.931502042235825,ponte de hidrogenio
G,4, OP1,48,ARG,41,NH2,329,2.969230211469979,ponte de hidrogenio
G,5, O2',80,GLU,34,OE2,293,2.115811960363546,ponte de hidrogenio
G,5, O6,87,ASN,33,ND2,284,2.576208616143658,ponte de hidrogenio
A,18, C2,200,VAL,90,CG2,392,3.417200667046749,hidrofobico
A,19, OP1,204,ALA,93,N,406,2.694083201606843,ponte de hidrogenio
A,19, OP2,205,THR,32,N,270,2.856925373655603,ponte de hidrogenio
A,19, OP2,205,THR,32,OG1,275,2.817124697069317,ponte de hidrogenio
A,19, N7,217,LYS,79,NZ,368,3.2732121428710927,ponte de hidrogenio
A,19, C2,222,PRO,55,CD,344,3.7705608009501863,hidrofobico
G,20, O6,242,ASN,33,N,277,3.159583267305147,ponte de hidrogenio
G,20, O6,242,GLU,34,N,285,3.01911921484314,ponte de hidrogenio
G,20, N1,243,LYS,30,O,260,3.414460951121122,ponte de hidrogenio
G,20, N1,243,GLU,34,OE2,293,3.0199285445696624,ponte de hidrogenio
G,20, N2,245,GLU,34,OE2,293,2.9300611740860836,ponte de hidrogenio
