Numero_do_residuo1, Número_do_atomo1, Residuo1, Atomo1, Numero_do_residuo2, Número_do_atomo2, Residuo2, Atomo2, Distancia, Tipo
LYS,36, NZ,54,C,4,OP1,264,2.976093085012493,ponte de hidrogenio
PHE,41, CG,79,A,3,C2,260,3.6024833379144408,hidrofobico
HIS,72, O,121,C,2,N4,238,3.033087733739584,ponte de hidrogenio
SER,73, OG,133,C,2,O2,235,2.8239575445966043,ponte de hidrogenio
VAL,74, N,134,C,2,N3,236,3.018230834293426,ponte de hidrogenio
ARG,79, NH2,189,C,2,O2',231,3.1880781359986945,ponte de hidrogenio
