Numero_do_residuo1, Número_do_atomo1, Residuo1, Atomo1, Numero_do_residuo2, Número_do_atomo2, Residuo2, Atomo2, Distancia, Tipo
ARG,256, NH1,69,C,8,O2,504,3.2809564368307087,ponte de hidrogenio
ARG,256, NH2,70,C,8,O2',500,3.439992937036405,ponte de hidrogenio
ASN,302, OD1,131,U,5,O2,442,3.325972313082684,ponte de hidrogenio
ASN,302, OD1,131,U,5,N3,443,3.0860986595081923,ponte de hidrogenio
ASN,302, ND2,132,U,5,O2,442,3.0436556509696833,ponte de hidrogenio
TYR,303, CB,137,A,6,C2,467,3.443409642952352,hidrofobico
TYR,303, CG,138,A,6,C2,467,3.422304170075993,hidrofobico
TYR,303, CD2,140,A,6,C2,467,3.7228213550824476,hidrofobico
TYR,303, OH,144,A,6,O4',454,3.4952600262880567,ponte de hidrogenio
LYS,338, NZ,177,G,4,O3',413,3.1767066273639264,ponte de hidrogenio
LYS,338, NZ,177,G,4,O2',415,3.2134800703594935,ponte de hidrogenio
GLU,345, OE2,214,G,4,N1,423,2.6261779322079857,ponte de hidrogenio
GLU,345, OE2,214,G,4,N2,425,2.7957782832798155,ponte de hidrogenio
PHE,383, O,226,C,1,N4,382,2.934901122681061,ponte de hidrogenio
ASN,388, OD1,271,U,3,N3,400,2.974468145192538,ponte de hidrogenio
ASN,388, ND2,272,U,3,O2,399,3.036730187593025,ponte de hidrogenio
TYR,389, OH,284,U,3,O2,399,3.0208827222974084,ponte de hidrogenio
SER,440, N,323,C,1,O2',375,2.9877539873892154,ponte de hidrogenio
SER,440, N,323,C,1,O2,379,3.377867151912828,ponte de hidrogenio
SER,440, OG,328,C,1,O3',373,2.9492772784962256,ponte de hidrogenio
SER,440, OG,328,C,1,O2',375,3.355154677803589,ponte de hidrogenio
SER,440, OG,328,U,3,OP2,387,2.856038132036319,ponte de hidrogenio
SER,441, N,329,C,1,O2,379,3.0820836980150013,ponte de hidrogenio
SER,441, OG,334,C,1,O2,379,3.3016730373525864,ponte de hidrogenio
SER,441, OG,334,C,1,N3,380,3.225123641135383,ponte de hidrogenio
LYS,444, NZ,356,U,3,O4,402,3.279372486471962,ponte de hidrogenio
