Numero_do_residuo1, Número_do_atomo1, Residuo1, Atomo1, Numero_do_residuo2, Número_do_atomo2, Residuo2, Atomo2, Distancia, Tipo
LYS,22, NZ,9,G,3,O6,250,2.709440758071042,ponte de hidrogenio
ASP,49, OD1,36,G,3,N2,253,2.902770718247034,ponte de hidrogenio
ASP,49, OD2,37,G,3,N1,251,2.7098960085127115,ponte de hidrogenio
VAL,97, O,134,G,2,N1,228,2.6372021041340985,ponte de hidrogenio
VAL,97, O,134,G,2,N2,230,2.9366007300893706,ponte de hidrogenio
VAL,97, CB,135,A,1,C2,207,3.490126579852942,hidrofobico
VAL,97, CG2,137,A,1,C2,207,3.547360290400064,hidrofobico
ARG,99, NE,150,G,2,O2',220,2.7210471434849985,ponte de hidrogenio
ARG,99, NH2,153,G,3,O6,250,3.011807411956938,ponte de hidrogenio
HIS,108, NE2,183,A,1,O2',198,2.8044356124105425,ponte de hidrogenio
