Numero_do_residuo1, Número_do_atomo1, Residuo1, Atomo1, Numero_do_residuo2, Número_do_atomo2, Residuo2, Atomo2, Distancia, Tipo
LYS,316, NZ,105,C,6,O3',592,2.8101126817258737,ponte de hidrogenio
LYS,316, NZ,105,C,6,O2',594,2.8691504304950723,ponte de hidrogenio
LYS,316, NZ,105,U,7,OP1,616,2.8148228695635225,ponte de hidrogenio
LYS,316, NZ,105,U,7,O5',618,3.22538384807254,ponte de hidrogenio
THR,317, CB,123,A,5,C2,570,3.53338153614297,hidrofobico
THR,317, OG1,124,A,5,N3,571,2.7596678287918195,ponte de hidrogenio
TYR,318, OH,144,C,6,O2',594,2.9524044388980983,ponte de hidrogenio
ARG,319, NH1,163,C,2,OP2,457,2.7294074575958933,ponte de hidrogenio
ARG,319, NH1,163,C,2,O5',458,2.876818206379004,ponte de hidrogenio
ARG,319, NH1,163,C,2,O3',463,3.2645479461238587,ponte de hidrogenio
ARG,319, NH2,164,C,2,OP2,457,2.7754261033369683,ponte de hidrogenio
ARG,319, NH2,164,C,3,O2,500,3.3729771804015036,ponte de hidrogenio
LEU,393, O,382,C,3,N4,503,3.2585272793882787,ponte de hidrogenio
