Chain1,Res1,ResName1,Atom1,Chain2,Res2,ResName2,Atom2,Distance,Type
A,24,S,OG,B,30,c,O2',3.58,HB
A,24,S,OG,B,31,u,O4',2.87,HB
A,25,C,SG,B,32,g,C6,3.3,HB
A,25,C,SG,B,32,g,O6,2.39,HB
A,25,C,N,B,33,g,O6,3.36,HB
A,25,C,SG,B,33,g,O6,3.34,HB
A,26,Y,N,B,33,g,C6,2.4,HB
A,26,Y,N,B,33,g,O6,2.0,HB
A,26,Y,N,B,33,g,N1,2.22,HB
A,26,Y,O,B,33,g,N1,3.36,HB
A,26,Y,O,B,33,g,C2,3.34,HB
A,26,Y,O,B,33,g,N2,2.42,HB
A,26,Y,OH,B,36,g,O4',3.64,HB
A,26,Y,OH,B,36,g,O2',3.53,HB
A,27,C,N,B,33,g,N1,3.15,HB
A,44,G,O,B,35,a,O2',3.55,HB
A,46,S,OG,B,36,g,O3',3.54,HB
A,46,S,N,B,37,c,OP1,3.57,HB
A,46,S,OG,B,37,c,OP1,1.28,HB
A,46,S,OG,B,37,c,OP2,2.59,HB
A,46,S,OG,B,37,c,O5',3.08,HB
A,49,R,NH1,B,23,u,N3,3.38,HB
A,49,R,NH1,B,23,u,O4,3.79,HB
A,49,R,NH2,B,23,u,N3,3.71,HB
A,49,R,NH1,B,26,g,C6,3.72,HB
A,49,R,NH1,B,26,g,O6,2.65,HB
A,49,R,NH2,B,27,a,N1,3.78,HB
A,49,R,NH2,B,28,g,O6,3.81,HB
A,49,R,CG,B,38,u,C5,4.01,HY
A,49,R,NE,B,38,u,N3,3.84,HB
A,49,R,NE,B,38,u,O4,2.38,HB
A,49,R,NH1,B,38,u,O4,2.96,HB
A,49,R,NH2,B,38,u,N3,3.25,HB
A,49,R,NH2,B,38,u,O4,1.12,HB
A,49,R,NH1,B,39,c,N3,3.54,HB
A,50,K,NZ,B,17,a,OP1,3.87,HB
A,50,K,NZ,B,17,a,O5',3.41,HB
A,50,K,NZ,B,17,a,O4',3.59,HB
A,51,K,NZ,B,20,a,N7,2.49,HB
A,51,K,NZ,B,20,a,N1,3.39,HB
A,51,K,NZ,B,21,g,C6,3.41,HB
A,51,K,NZ,B,21,g,O6,3.14,HB
A,52,R,NH1,B,40,u,OP1,3.8,HB
A,53,R,NE,B,16,g,C6,3.39,HB
A,53,R,NE,B,16,g,O6,2.2,HB
A,53,R,NH1,B,16,g,C6,3.49,HB
A,53,R,NH1,B,16,g,O6,2.47,HB
A,53,R,NH2,B,16,g,C6,2.88,HB
A,53,R,NH2,B,16,g,O6,1.97,HB
A,53,R,NH2,B,16,g,N1,3.13,HB
A,53,R,NE,B,44,g,O6,3.39,HB
A,53,R,NH2,B,44,g,C6,3.21,HB
A,53,R,NH2,B,44,g,O6,2.55,HB
A,53,R,NH2,B,45,c,N3,2.63,HB
A,53,R,NH1,B,46,u,O4,3.11,HB
A,54,Q,NE2,B,41,c,OP1,2.36,HB
A,54,Q,NE2,B,41,c,O5',3.28,HB
A,55,R,NE,B,14,u,OP1,3.24,HB
A,56,R,NH1,B,12,g,OP1,1.76,HB
A,56,R,NH1,B,12,g,OP2,2.99,HB
A,56,R,NH1,B,12,g,O5',3.19,HB
A,56,R,NH2,B,12,g,OP1,3.58,HB
A,56,R,N,B,13,u,OP1,3.76,HB
A,56,R,NE,B,13,u,OP2,3.62,HB
A,56,R,N,B,14,u,OP2,3.82,HB