Chain1,Res1,ResName1,Atom1,Chain2,Res2,ResName2,Atom2,Distance,Type
A,190,D,OD1,B,8,a,N6,2.5,HB
A,191,Y,N,B,8,a,N1,3.21,HB
A,195,Y,N,B,40,c,OP1,3.39,HB
A,195,Y,N,B,40,c,OP2,3.73,HB
A,196,H,N,B,40,c,OP1,2.2,HB
A,196,H,ND1,B,40,c,OP1,3.5,HB
A,196,H,ND1,B,40,c,OP2,3.14,HB
A,197,Y,N,B,41,a,OP1,3.7,HB
A,197,Y,N,B,41,a,OP2,3.89,HB
A,197,Y,OH,B,41,a,OP1,3.85,HB
A,197,Y,OH,B,42,g,OP2,2.54,HB
A,203,E,N,B,8,a,OP2,3.85,HB
A,203,E,OE2,B,43,g,N1,3.57,HB
A,204,G,N,B,8,a,OP2,2.44,HB
A,206,K,NZ,B,42,g,C6,3.57,HB
A,206,K,NZ,B,42,g,O6,2.52,HB
A,206,K,NZ,B,43,g,C6,3.67,HB
A,206,K,NZ,B,43,g,O6,2.69,HB
A,210,K,NZ,B,42,g,OP1,3.5,HB
A,210,K,NZ,B,42,g,OP2,3.46,HB
A,210,K,NZ,B,42,g,O5',2.34,HB
A,210,K,NZ,B,42,g,O3',2.99,HB
A,210,K,NZ,B,43,g,OP2,1.67,HB
A,210,K,NZ,B,43,g,O5',3.71,HB
A,211,R,NH1,B,6,c,OP2,2.59,HB
A,211,R,NE,B,7,g,O6,3.3,HB
A,211,R,NH1,B,7,g,O6,3.48,HB
A,211,R,NH2,B,7,g,C6,2.39,HB
A,211,R,NH2,B,7,g,O6,1.45,HB
A,211,R,NH2,B,7,g,N1,3.46,HB
A,214,Q,NE2,B,42,g,OP1,2.99,HB
A,231,K,NZ,B,8,a,N7,3.82,HB
A,234,R,NE,B,7,g,OP1,2.42,HB
A,234,R,NH1,B,7,g,OP1,3.75,HB
A,234,R,NH2,B,7,g,OP1,2.79,HB
A,234,R,NH2,B,8,a,OP1,3.2,HB
A,235,K,NZ,B,6,c,O2',2.57,HB
A,238,Q,NE2,B,5,g,O3',3.21,HB
A,241,R,NH1,B,6,c,OP1,3.36,HB
A,241,R,NH1,B,7,g,OP2,3.32,HB
A,241,R,NH2,B,7,g,OP1,3.6,HB
A,241,R,NH2,B,7,g,OP2,2.98,HB
A,259,R,NE,B,38,g,O2',2.69,HB
A,259,R,NH1,B,38,g,O2',2.77,HB
A,259,R,NH2,B,38,g,O4',3.12,HB
A,259,R,NH2,B,38,g,O3',3.53,HB
A,259,R,NH2,B,38,g,O2',0.81,HB
A,259,R,NE,B,39,c,O4',3.73,HB
A,259,R,NH1,B,39,c,O4',2.46,HB
A,259,R,NH2,B,39,c,O4',3.59,HB
A,263,R,NH1,B,16,c,O3',3.8,HB
A,263,R,NE,B,17,g,OP1,2.28,HB
A,263,R,NH1,B,17,g,OP1,2.59,HB
A,263,R,NH2,B,17,g,OP1,2.8,HB
A,263,R,NH2,B,17,g,OP2,3.65,HB
A,266,K,NZ,B,30,a,OP1,3.24,HB