Chain1,Res1,ResName1,Atom1,Chain2,Res2,ResName2,Atom2,Distance,Type
A,53,R,NE,B,39,a,O3',3.14,HB
A,53,R,NE,B,40,c,OP1,2.28,HB
A,53,R,NE,B,40,c,OP2,3.75,HB
A,53,R,NH1,B,40,c,OP1,3.87,HB
A,53,R,NH2,B,40,c,OP1,2.21,HB
A,53,R,NH2,B,40,c,OP2,3.65,HB
A,54,G,N,B,39,a,O4',3.78,HB
A,54,G,N,B,39,a,O2',2.69,HB
A,55,F,O,B,38,g,C2,3.51,HB
A,55,F,O,B,38,g,N2,2.85,HB
A,57,R,N,B,37,a,N1,3.31,HB
A,57,R,NE,B,37,a,N3,3.66,HB
A,57,R,NH2,B,37,a,N3,3.31,HB
A,59,K,NZ,B,11,u,O2,3.61,HB
A,59,K,NZ,B,11,u,N3,3.04,HB
A,59,K,NZ,B,11,u,O4,3.9,HB
A,59,K,NZ,B,34,c,O2,2.27,HB
A,59,K,NZ,B,34,c,N3,3.7,HB
A,85,S,OG,B,38,g,N2,3.76,HB
A,85,S,OG,B,39,a,O2',3.4,HB
A,85,S,OG,B,39,a,N3,3.43,HB