Chain1,Res1,ResName1,Atom1,Chain2,Res2,ResName2,Atom2,Distance,Type
A,111,K,NZ,B,38,c,OP1,3.61,HB
A,111,K,NZ,B,38,c,O5',3.81,HB
A,124,R,NE,B,46,a,N1,3.84,HB
A,124,R,NH1,B,46,a,N1,2.68,HB
A,124,R,NH1,B,46,a,N3,3.3,HB
A,124,R,NE,B,47,u,O2',3.1,HB
A,124,R,NH1,B,47,u,O4',3.8,HB
A,124,R,NH2,B,47,u,O4',3.67,HB
A,124,R,NH2,B,47,u,O2',2.92,HB
A,125,D,N,B,47,u,O2,3.72,HB
A,125,D,O,B,48,c,O2',3.72,HB
A,130,Q,NE2,B,22,c,O3',3.23,HB
A,130,Q,NE2,B,23,c,OP1,1.94,HB
A,130,Q,NE2,B,23,c,O5',3.79,HB
A,131,G,N,B,23,c,O3',3.56,HB
A,137,F,CD1,B,25,c,C6,4.02,HY
A,137,F,CE1,B,25,c,C6,4.1,HY
A,141,R,NH1,B,25,c,N3,3.53,HB
A,146,Q,N,B,27,u,O2',2.59,HB
A,146,Q,O,B,27,u,O2',3.52,HB