Chain1,Res1,ResName1,Atom1,Chain2,Res2,ResName2,Atom2,Distance,Type
A,29,G,N,B,17,u,O3',3.24,HB
A,29,G,N,B,18,a,OP1,2.71,HB
A,30,S,OG,B,16,a,O3',2.58,HB
A,30,S,N,B,17,u,OP1,3.73,HB
A,30,S,OG,B,17,u,OP1,2.24,HB
A,30,S,OG,B,17,u,O5',3.21,HB
A,44,K,NZ,B,40,c,O3',3.03,HB
A,44,K,NZ,B,41,c,OP1,0.58,HB
A,44,K,NZ,B,41,c,OP2,2.88,HB
A,44,K,NZ,B,41,c,O5',2.92,HB
A,45,Q,NE2,B,39,a,N3,3.22,HB
A,141,P,O,B,18,a,O2',3.37,HB
A,145,G,N,B,18,a,O2',3.22,HB
A,148,N,ND2,B,17,u,O3',3.29,HB
A,148,N,ND2,B,17,u,O2',2.9,HB