Chain1,Res1,ResName1,Atom1,Chain2,Res2,ResName2,Atom2,Distance,Type
A,61,I,CD1,B,9,u,C5,4.48,HY
A,64,K,NZ,B,6,c,OP1,3.85,HB
A,64,K,NZ,B,6,c,O5',3.23,HB
A,64,K,NZ,B,6,c,O4',3.51,HB
A,64,K,NZ,B,6,c,O3',3.67,HB
A,65,S,OG,B,9,u,O2,3.82,HB
A,147,K,NZ,B,8,a,OP1,2.54,HB
A,526,R,NH1,B,35,a,O3',3.6,HB
A,526,R,NH2,B,35,a,O3',3.31,HB
A,526,R,NH2,B,35,a,O2',3.8,HB
A,526,R,NE,B,36,a,OP1,2.75,HB
A,526,R,NH1,B,36,a,OP1,2.0,HB
A,526,R,NH1,B,36,a,OP2,3.89,HB
A,526,R,NH1,B,36,a,O5',2.33,HB
A,526,R,NH1,B,36,a,O3',3.8,HB
A,526,R,NH2,B,36,a,OP1,3.02,HB
A,526,R,NH2,B,36,a,O5',3.18,HB
A,526,R,NH1,B,37,a,OP1,3.87,HB
A,526,R,NH1,B,37,a,OP2,3.23,HB
A,592,E,O,B,33,g,N2,3.87,HB
A,595,D,OD2,B,33,g,N1,2.67,HB
A,595,D,OD2,B,33,g,C2,3.82,HB
A,599,R,NE,B,33,g,O2',2.16,HB
A,599,R,NH1,B,33,g,O3',2.54,HB
A,599,R,NH1,B,33,g,O2',1.29,HB
A,599,R,NH2,B,33,g,O5',3.72,HB
A,599,R,NH2,B,33,g,O3',3.24,HB
A,599,R,NH2,B,33,g,O2',1.98,HB
A,599,R,NE,B,34,a,O4',2.86,HB
A,599,R,NE,B,34,a,N3,2.7,HB
A,599,R,NH1,B,34,a,OP1,3.77,HB
A,599,R,NH1,B,34,a,O5',3.0,HB
A,599,R,NH1,B,34,a,O4',3.0,HB
A,599,R,NH2,B,34,a,O5',3.27,HB
A,599,R,NH2,B,34,a,O4',2.57,HB
A,599,R,NH2,B,34,a,N7,3.29,HB
A,599,R,NH2,B,34,a,N3,3.52,HB