Chain1,Res1,ResName1,Atom1,Chain2,Res2,ResName2,Atom2,Distance,Type
A,15,R,NH1,B,9,c,O3',3.71,HB
A,15,R,NH1,B,9,c,O2',2.95,HB
A,30,Y,OH,B,9,c,O2',3.27,HB
A,30,Y,OH,B,10,u,O4',3.45,HB
A,32,G,N,B,10,u,O3',3.2,HB
A,32,G,N,B,11,g,OP1,3.41,HB
A,33,E,N,B,10,u,O2',2.83,HB
A,33,E,O,B,10,u,O2',2.82,HB
A,33,E,N,B,12,a,OP1,3.61,HB
A,34,G,N,B,12,a,OP1,3.65,HB
A,35,A,N,B,14,g,O4',3.29,HB
A,35,A,N,B,14,g,O3',3.51,HB
A,36,Y,OH,B,61,u,N3,3.87,HB
A,54,K,NZ,B,13,u,O2,3.23,HB
A,54,K,NZ,B,13,u,N3,2.33,HB
A,54,K,NZ,B,13,u,O4,3.2,HB
A,60,E,OE2,B,15,a,N6,3.47,HB
A,64,Y,OH,B,15,a,OP1,3.04,HB
A,64,Y,OH,B,15,a,O5',3.42,HB
A,67,R,NH1,B,61,u,O2,2.12,HB
A,67,R,NH1,B,61,u,N3,2.31,HB
A,67,R,NH2,B,61,u,O2,2.68,HB
A,67,R,NH2,B,62,u,O4,3.74,HB
A,71,E,OE1,B,13,u,N3,3.78,HB
A,105,Q,OE1,B,11,g,N2,2.88,HB
A,108,M,N,B,11,g,O6,2.71,HB
A,113,Y,OH,B,12,a,N1,2.97,HB
A,113,Y,OH,B,12,a,N3,3.58,HB
A,114,K,NZ,B,11,g,OP2,3.34,HB
A,114,K,NZ,B,11,g,O5',3.02,HB
A,114,K,NZ,B,11,g,O4',3.65,HB
A,116,L,O,B,57,a,N6,2.45,HB
A,117,K,N,B,57,a,N1,2.87,HB
A,118,T,N,B,57,a,N1,2.92,HB
A,151,K,NZ,B,13,u,OP2,2.81,HB
A,151,K,NZ,B,13,u,O5',3.67,HB
A,153,S,OG,B,12,a,O3',2.82,HB
A,153,S,OG,B,12,a,O2',3.43,HB
A,153,S,OG,B,13,u,OP1,2.7,HB
A,153,S,OG,B,13,u,OP2,1.87,HB
A,154,N,N,B,13,u,OP1,3.73,HB
A,167,D,CB,B,13,u,C5,3.92,HY
A,167,D,OD1,B,13,u,N3,3.21,HB
A,167,D,OD2,B,13,u,N3,3.81,HB
A,186,E,OE1,B,62,u,O2',2.93,HB
A,186,E,OE2,B,62,u,O2',2.78,HB
A,188,V,CG1,B,62,u,C5,3.95,HY
A,190,T,OG1,B,61,u,OP2,3.88,HB
A,191,R,NE,B,60,g,O2',3.64,HB
A,191,R,NE,B,60,g,N1,3.89,HB
A,191,R,NH1,B,60,g,O2',3.02,HB
A,191,R,NH2,B,60,g,O2',2.5,HB
A,191,R,NH2,B,60,g,C6,3.46,HB
A,191,R,NH2,B,60,g,N1,3.34,HB
A,193,Y,OH,B,58,g,N1,3.12,HB
A,193,Y,OH,B,58,g,C2,3.36,HB
A,193,Y,OH,B,58,g,N2,2.7,HB
A,220,E,OE1,B,58,g,N1,2.81,HB
A,220,E,OE2,B,58,g,N1,3.87,HB
A,224,N,O,B,57,a,N6,3.88,HB
A,225,R,NH1,B,54,g,OP1,3.3,HB
A,231,K,NZ,B,55,c,O3',3.82,HB
A,231,K,NZ,B,55,c,O2',3.61,HB
A,231,K,NZ,B,56,c,OP2,2.07,HB
A,231,K,O,B,60,g,N1,3.85,HB
A,232,H,NE2,B,39,a,N6,3.76,HB
A,232,H,ND1,B,60,g,C6,3.17,HB
A,232,H,ND1,B,60,g,O6,2.11,HB
A,233,Y,N,B,60,g,N1,3.3,HB
A,238,N,ND2,B,39,a,OP2,3.43,HB
A,238,N,ND2,B,39,a,O5',3.2,HB
A,239,H,N,B,40,a,N7,3.19,HB
A,239,H,ND1,B,40,a,N6,2.51,HB
A,239,H,NE2,B,40,a,N6,1.87,HB
A,263,Y,OH,B,39,a,OP1,3.76,HB
A,263,Y,OH,B,39,a,OP2,1.65,HB
A,270,K,NZ,B,40,a,O2',2.86,HB
A,277,R,NH2,B,51,u,O4',3.68,HB