Chain1,Res1,ResName1,Atom1,Chain2,Res2,ResName2,Atom2,Distance,Type
A,127,Q,NE2,B,50,u,O4',3.65,HB
A,127,Q,NE2,B,50,u,O3',2.28,HB
A,127,Q,NE2,B,50,u,O2',3.29,HB
A,127,Q,NE2,B,51,a,OP1,3.85,HB
A,185,R,NE,B,50,u,O2',3.3,HB
A,185,R,NH1,B,50,u,O2',3.33,HB
A,186,N,ND2,B,51,a,OP1,2.74,HB
A,240,Y,N,B,42,c,OP2,3.71,HB
A,339,H,ND1,B,50,u,O4,3.21,HB
A,339,H,NE2,B,50,u,N3,3.18,HB
A,339,H,NE2,B,50,u,O4,3.81,HB
A,339,H,ND1,B,51,a,N1,3.79,HB
A,448,G,N,B,51,a,N1,3.73,HB
A,448,G,O,B,51,a,N6,3.52,HB
A,451,H,NE2,B,50,u,O2,3.62,HB
A,451,H,NE2,B,50,u,N3,3.56,HB