Chain1,Res1,ResName1,Atom1,Chain2,Res2,ResName2,Atom2,Distance,Type
A,198,G,N,B,7,a,O4',3.83,HB
A,199,R,O,B,8,c,N4,2.16,HB
A,200,G,N,B,7,a,OP2,3.29,HB
A,201,G,N,B,6,u,OP2,3.7,HB
A,272,D,O,B,7,a,N6,2.85,HB
A,274,M,N,B,7,a,N1,3.21,HB
A,280,H,NE2,B,9,g,O2',2.53,HB
A,334,S,OG,B,7,a,N7,3.73,HB
A,392,R,NH2,B,11,g,O5',3.85,HB
A,392,R,NH2,B,11,g,O3',2.57,HB
A,392,R,NE,B,12,a,OP1,3.08,HB
A,392,R,NH2,B,12,a,OP1,2.06,HB
A,392,R,NH2,B,12,a,OP2,3.15,HB
A,397,K,N,B,12,a,OP1,2.92,HB
A,397,K,N,B,12,a,O5',3.55,HB
A,398,D,N,B,12,a,O5',3.48,HB
A,398,D,N,B,12,a,O3',2.94,HB
A,398,D,N,B,13,g,OP1,2.63,HB
A,398,D,N,B,13,g,OP2,2.84,HB
A,399,K,N,B,12,a,O3',1.79,HB
A,399,K,N,B,12,a,O2',3.55,HB
A,399,K,N,B,13,g,OP1,2.77,HB
A,399,K,N,B,13,g,O5',3.52,HB
A,400,H,NE2,B,13,g,O3',3.18,HB
A,400,H,NE2,B,13,g,O2',3.89,HB
A,480,A,N,B,8,c,O2',3.45,HB