Chain1,Res1,ResName1,Atom1,Chain2,Res2,ResName2,Atom2,Distance,Type
A,216,H,O,B,7,a,N6,3.33,HB
A,216,H,NE2,B,16,g,C2,2.95,HB
A,216,H,NE2,B,16,g,N2,2.64,HB
A,216,H,ND1,B,18,g,C6,3.27,HB
A,216,H,ND1,B,18,g,O6,3.64,HB
A,216,H,ND1,B,18,g,N1,3.55,HB
A,216,H,NE2,B,18,g,C6,3.76,HB
A,216,H,NE2,B,18,g,N1,3.17,HB
A,216,H,NE2,B,18,g,C2,3.0,HB
A,216,H,NE2,B,18,g,N2,3.27,HB
A,258,E,OE1,B,11,u,N3,2.15,HB
A,258,E,OE2,B,11,u,N3,3.34,HB
A,264,R,NH1,B,6,g,O3',3.34,HB
A,264,R,NH1,B,6,g,O2',3.1,HB
A,264,R,NH1,B,7,a,OP1,2.41,HB
A,264,R,NH1,B,7,a,N7,3.76,HB
A,264,R,NH2,B,11,u,OP1,3.3,HB
A,271,D,O,B,11,u,N3,3.9,HB
A,272,A,N,B,11,u,O4,3.44,HB
A,276,R,NH1,B,11,u,O5',3.69,HB
A,276,R,NH1,B,11,u,O4',3.36,HB