Chain1,Res1,ResName1,Atom1,Chain2,Res2,ResName2,Atom2,Distance,Type
A,301,N,ND2,B,31,c,O2',3.39,HB
A,301,N,ND2,B,32,a,O4',3.8,HB
A,304,R,N,B,52,a,O2',2.8,HB
A,304,R,O,B,52,a,O2',1.89,HB
A,306,R,N,B,53,c,OP1,3.81,HB
A,306,R,NE,B,53,c,OP1,3.61,HB
A,306,R,NH2,B,54,c,OP1,3.39,HB
A,308,R,NE,B,22,a,O4',3.75,HB
A,308,R,NE,B,22,a,O2',3.48,HB
A,308,R,NH1,B,22,a,O4',3.25,HB
A,308,R,NH1,B,22,a,O3',3.89,HB
A,308,R,NH1,B,22,a,O2',1.63,HB
A,308,R,NH2,B,22,a,O4',3.45,HB
A,308,R,NH2,B,22,a,O2',3.67,HB
A,312,G,O,B,21,c,O2',3.31,HB
A,314,G,N,B,21,c,O2',3.29,HB
A,322,K,NZ,B,50,u,O2',2.72,HB
A,322,K,NZ,B,50,u,O2,2.8,HB
A,322,K,NZ,B,51,u,O4',3.14,HB