Chain1,Res1,ResName1,Atom1,Chain2,Res2,ResName2,Atom2,Distance,Type
A,60,H,ND1,B,12,u,O3',2.96,HB
A,60,H,ND1,B,13,g,OP1,3.51,HB
A,60,H,ND1,B,13,g,OP2,3.68,HB
A,85,N,N,B,12,u,O2,2.48,HB
A,85,N,N,B,12,u,N3,3.58,HB
A,85,N,O,B,12,u,N3,2.34,HB
A,108,H,ND1,B,11,a,O2',2.62,HB
A,108,H,ND1,B,11,a,N3,3.26,HB
A,108,H,NE2,B,11,a,O2',3.47,HB
A,108,H,O,B,12,u,N3,2.75,HB
A,108,H,CB,B,12,u,C5,4.3,HY
A,132,S,O,B,10,g,C2,3.89,HB
A,132,S,O,B,10,g,N2,3.01,HB
A,132,S,OG,B,10,g,C2,2.98,HB
A,132,S,OG,B,10,g,N2,2.34,HB
A,134,S,OG,B,10,g,C6,3.82,HB
A,134,S,OG,B,10,g,O6,2.96,HB
A,134,S,OG,B,10,g,N1,3.83,HB
A,134,S,OG,B,11,a,N6,3.63,HB
A,156,H,O,B,10,g,N1,3.23,HB
A,156,H,O,B,10,g,C2,2.6,HB
A,156,H,O,B,10,g,N2,2.54,HB
A,156,H,ND1,B,10,g,O4',3.59,HB
A,156,H,ND1,B,10,g,O2',3.41,HB
A,232,Q,NE2,B,7,u,O2',3.58,HB
A,257,N,OD1,B,7,u,N3,3.79,HB
A,257,N,OD1,B,8,a,N6,2.12,HB
A,257,N,ND2,B,8,a,N7,3.37,HB
A,257,N,ND2,B,8,a,N1,3.51,HB
A,259,Q,N,B,7,u,N3,3.58,HB
A,259,Q,N,B,7,u,O4,3.68,HB
A,259,Q,CG,B,7,u,C5,4.18,HY
A,259,Q,NE2,B,7,u,O2',2.6,HB
A,259,Q,NE2,B,7,u,O2,2.32,HB
A,259,Q,NE2,B,7,u,N3,3.18,HB
A,333,R,NH1,B,3,u,O3',3.85,HB
A,333,R,NE,B,4,a,OP1,3.23,HB
A,333,R,NH1,B,4,a,OP1,1.54,HB
A,333,R,NH1,B,4,a,OP2,3.02,HB
A,333,R,NH1,B,4,a,O5',2.95,HB
A,333,R,NH2,B,4,a,OP1,3.4,HB
A,333,R,NH2,B,4,a,O5',3.79,HB
A,333,R,NH2,B,4,a,O3',3.41,HB
A,333,R,NH1,B,5,g,OP2,3.85,HB
A,333,R,NH2,B,5,g,OP1,3.04,HB
A,333,R,NH2,B,5,g,OP2,2.75,HB
A,491,R,NH2,B,35,g,OP1,3.59,HB
A,517,N,O,B,33,c,O2',3.44,HB
A,517,N,ND2,B,33,c,O3',3.52,HB
A,517,N,ND2,B,34,c,OP1,2.79,HB
A,517,N,ND2,B,34,c,OP2,3.86,HB
A,519,N,OD1,B,32,u,O2',2.46,HB
A,519,N,ND2,B,32,u,O2,3.57,HB
A,519,N,N,B,33,c,O4',3.87,HB
A,519,N,OD1,B,53,g,N2,3.16,HB
A,519,N,ND2,B,53,g,N1,3.3,HB
A,519,N,ND2,B,54,c,O2,3.33,HB
A,541,H,N,B,33,c,OP1,3.56,HB
A,541,H,ND1,B,33,c,OP1,2.21,HB
A,542,N,N,B,32,u,O3',3.81,HB
A,542,N,O,B,32,u,O2',2.91,HB
A,543,N,OD1,B,31,g,O2',3.41,HB
A,543,N,N,B,32,u,O2',3.54,HB
A,543,N,ND2,B,55,c,O2,3.75,HB
A,546,R,NH1,B,55,c,O3',2.93,HB
A,546,R,NH1,B,55,c,O2',3.39,HB
A,546,R,NH1,B,56,c,OP1,3.09,HB
A,546,R,NH1,B,56,c,O5',3.74,HB
A,575,G,N,B,32,u,OP1,3.74,HB
A,621,K,NZ,B,24,a,OP1,2.47,HB
A,621,K,NZ,B,24,a,O5',3.71,HB