Chain1,Res1,ResName1,Atom1,Chain2,Res2,ResName2,Atom2,Distance,Type
A,1256,P,O,B,28,g,O2',3.71,HB
A,1258,V,N,B,29,a,OP1,3.28,HB
A,1281,G,N,B,30,c,OP1,2.38,HB
A,1295,T,OG1,B,29,a,O3',3.42,HB
A,1295,T,OG1,B,30,c,OP1,3.01,HB
A,1297,G,N,B,29,a,O2',3.32,HB
A,1324,T,OG1,B,28,g,C2,3.83,HB
A,1324,T,OG1,B,28,g,N2,2.64,HB
A,1395,H,O,B,26,g,O2',2.0,HB
A,1396,S,N,B,26,g,O2',3.68,HB
A,1397,K,N,B,26,g,O3',3.77,HB
A,1397,K,N,B,27,g,OP1,2.72,HB
A,1397,K,NZ,B,28,g,OP2,3.58,HB
A,1419,R,N,B,28,g,OP1,2.42,HB
A,1419,R,NE,B,29,a,OP2,2.77,HB
A,1419,R,NE,B,29,a,N7,3.37,HB
A,1419,R,NH1,B,29,a,N7,1.35,HB
A,1419,R,NH2,B,29,a,N7,2.71,HB
A,1437,T,OG1,B,27,g,O3',3.1,HB
A,1437,T,OG1,B,28,g,OP1,3.07,HB
A,1438,D,OD1,B,27,g,O2',1.59,HB
A,1438,D,OD2,B,27,g,O2',2.42,HB
A,1467,W,NE1,B,30,c,O2,3.42,HB
A,1522,N,ND2,B,26,g,O6,2.93,HB
A,1522,N,ND2,B,27,g,O6,3.57,HB
A,1546,Q,NE2,B,23,c,OP2,3.74,HB
A,1546,Q,NE2,B,24,a,OP2,3.5,HB
A,1572,Q,NE2,B,1,u,O4',3.57,HB
A,1572,Q,NE2,B,1,u,O2,3.66,HB
A,2735,G,O,B,13,g,N1,3.59,HB
A,2834,H,N,B,14,g,O6,3.38,HB
A,2835,S,OG,B,12,u,O2',2.7,HB
A,2835,S,N,B,14,g,C6,3.02,HB
A,2835,S,N,B,14,g,O6,3.44,HB
A,2835,S,N,B,14,g,N1,2.57,HB
A,2836,Y,N,B,14,g,N1,2.87,HB
A,2836,Y,O,B,14,g,N2,3.21,HB
A,2849,R,NH1,B,3,c,O2',3.83,HB
A,2857,R,NE,B,15,g,OP1,3.39,HB
A,2860,R,NH1,B,14,g,OP2,3.67,HB
A,2860,R,NH1,B,14,g,O3',3.79,HB
A,2860,R,NH2,B,14,g,OP2,2.74,HB
A,2860,R,NH1,B,15,g,OP2,3.03,HB