Chain1,Res1,ResName1,Atom1,Chain2,Res2,ResName2,Atom2,Distance,Type
A,42,K,NZ,B,19,u,O2,2.91,HB
A,42,K,NZ,B,19,u,N3,2.4,HB
A,42,K,NZ,B,19,u,O4,3.58,HB
A,43,P,CB,B,20,u,C5,4.47,HY
A,45,H,NE2,B,17,a,N7,3.55,HB
A,45,H,ND1,B,18,u,O4,3.36,HB
A,45,H,NE2,B,18,u,N3,3.85,HB
A,45,H,NE2,B,18,u,O4,1.69,HB
A,45,H,N,B,20,u,O4,3.42,HB
A,47,K,NZ,B,17,a,OP1,3.77,HB
A,47,K,NZ,B,17,a,OP2,2.78,HB
A,87,R,NH1,B,21,a,O3',3.41,HB
A,87,R,NH1,B,21,a,O2',3.11,HB
A,87,R,NH2,B,21,a,O2',3.53,HB
A,87,R,NE,B,22,g,O5',3.33,HB
A,87,R,NH1,B,22,g,OP1,3.46,HB
A,87,R,NH1,B,22,g,OP2,2.99,HB
A,87,R,NH1,B,22,g,O5',1.04,HB
A,87,R,NH1,B,22,g,O4',2.96,HB
A,87,R,NH2,B,22,g,OP2,3.62,HB
A,87,R,NH2,B,22,g,O5',2.97,HB
A,94,K,NZ,B,12,a,O3',3.63,HB
A,94,K,NZ,B,13,u,OP1,3.23,HB