Chain1,Res1,ResName1,Atom1,Chain2,Res2,ResName2,Atom2,Distance,Type
A,333,Q,N,B,1,a,OP1,2.6,HB
A,333,Q,N,B,1,a,OP2,3.51,HB
A,334,K,NZ,B,16,g,O3',2.69,HB
A,334,K,NZ,B,17,c,OP1,0.55,HB
A,334,K,NZ,B,17,c,OP2,2.93,HB
A,334,K,NZ,B,17,c,O5',2.36,HB
A,335,R,NH1,B,3,c,N3,3.32,HB
A,335,R,NH1,B,20,g,O6,3.62,HB
A,335,R,NH1,B,21,g,C6,3.01,HB
A,335,R,NH1,B,21,g,O6,1.98,HB
A,335,R,NH1,B,21,g,N1,3.49,HB
A,335,R,NH2,B,21,g,O6,2.89,HB
A,335,R,NH2,B,22,g,C6,3.6,HB
A,335,R,NH2,B,22,g,O6,2.64,HB
A,338,K,NZ,B,3,c,OP1,2.93,HB
A,339,K,NZ,B,13,g,O3',3.04,HB
A,339,K,NZ,B,13,g,O2',3.77,HB
A,339,K,NZ,B,14,a,OP1,2.67,HB
A,339,K,NZ,B,14,a,O5',3.83,HB
A,355,R,NH1,B,9,g,C6,3.65,HB
A,355,R,NH1,B,9,g,O6,2.62,HB
A,355,R,NH1,B,15,c,N3,3.24,HB
A,355,R,NH2,B,15,c,N3,3.78,HB
A,356,R,NE,B,10,g,C6,3.8,HB
A,356,R,NE,B,10,g,O6,2.73,HB
A,356,R,NH2,B,10,g,C6,2.69,HB
A,356,R,NH2,B,10,g,O6,2.34,HB
A,356,R,NH2,B,10,g,N1,3.78,HB
A,356,R,NE,B,12,a,OP1,3.49,HB
A,356,R,NH1,B,12,a,OP1,1.96,HB
A,356,R,NH2,B,12,a,OP1,2.01,HB
A,356,R,NH2,B,12,a,OP2,3.28,HB
A,358,H,ND1,B,7,a,OP1,3.62,HB
A,358,H,ND1,B,7,a,OP2,2.9,HB
A,358,H,NE2,B,8,u,OP2,2.61,HB
A,388,R,NH2,B,12,a,O2',3.81,HB
A,389,T,OG1,B,12,a,OP1,3.74,HB
A,391,R,NE,B,9,g,OP2,3.43,HB
A,391,R,NH1,B,9,g,OP2,3.17,HB
A,391,R,NH1,B,9,g,O5',3.85,HB
A,391,R,NH2,B,9,g,OP2,2.81,HB
A,391,R,NH1,B,10,g,OP2,3.74,HB
A,396,R,NH2,B,11,u,OP1,2.5,HB
A,396,R,NH2,B,11,u,O5',3.42,HB
A,396,R,NH2,B,11,u,O4',2.59,HB