Chain1,Res1,ResName1,Atom1,Chain2,Res2,ResName2,Atom2,Distance,Type
A,1126,N,OD1,B,40,c,O2',3.87,HB
A,1126,N,ND2,B,40,c,O4',3.8,HB
A,1126,N,ND2,B,40,c,O2',3.86,HB
A,1127,N,ND2,B,39,u,O2',3.82,HB
A,1133,Y,OH,B,40,c,O2',2.87,HB
A,1202,V,O,B,20,c,N4,3.56,HB
A,1202,V,CB,B,20,c,C6,4.21,HY
A,1202,V,CG1,B,20,c,C6,3.81,HY
A,1202,V,CG2,B,20,c,C6,3.55,HY
A,1203,E,CG,B,19,c,C6,4.16,HY
A,1252,F,O,B,19,c,N4,3.27,HB
A,1253,H,ND1,B,19,c,N3,3.63,HB
A,1253,H,ND1,B,19,c,N4,2.64,HB
A,1255,F,O,B,4,a,O2',3.67,HB
A,1256,N,N,B,4,a,O2',3.4,HB
A,1256,N,OD1,B,4,a,O2',2.73,HB
A,1256,N,ND2,B,4,a,O4',2.21,HB
A,1256,N,ND2,B,4,a,O3',2.22,HB
A,1256,N,ND2,B,4,a,O2',1.26,HB
A,1256,N,ND2,B,4,a,N3,3.83,HB
A,1256,N,ND2,B,5,g,O5',3.43,HB
A,1266,W,NE1,B,19,c,O2',3.41,HB
A,1266,W,NE1,B,19,c,O2,3.68,HB
A,1269,R,NH1,B,20,c,O3',3.32,HB
A,1269,R,NH1,B,20,c,O2,3.69,HB
A,1269,R,NH2,B,20,c,O2,3.36,HB
A,1269,R,NH1,B,21,a,OP1,3.86,HB
A,1269,R,NE,B,22,a,N3,3.22,HB
A,1269,R,NH1,B,22,a,N7,3.15,HB
A,1269,R,NH1,B,22,a,N3,3.5,HB
A,1269,R,NH2,B,22,a,O4',3.62,HB
A,1269,R,NH2,B,22,a,N7,3.21,HB
A,1269,R,NH2,B,22,a,N1,3.19,HB
A,1269,R,NH2,B,22,a,N3,1.38,HB