Chain1,Res1,ResName1,Atom1,Chain2,Res2,ResName2,Atom2,Distance,Type
A,10,K,O,B,87,c,O2',3.23,HB
A,12,K,NZ,B,22,a,O4',3.74,HB
A,12,K,NZ,B,86,g,O3',3.45,HB
A,12,K,NZ,B,86,g,O2',3.85,HB
A,12,K,NZ,B,87,c,OP1,3.2,HB
A,12,K,NZ,B,87,c,O5',3.7,HB
A,13,R,NE,B,22,a,O2',3.62,HB
A,13,R,NH1,B,22,a,O3',2.79,HB
A,13,R,NH1,B,22,a,O2',1.34,HB
A,13,R,NH2,B,22,a,O3',3.02,HB
A,13,R,NH2,B,22,a,O2',3.23,HB
A,13,R,NH1,B,23,g,O5',3.48,HB
A,13,R,NH1,B,23,g,O4',3.51,HB
A,16,N,ND2,B,22,a,N3,3.86,HB
A,16,N,ND2,B,23,g,O4',3.56,HB
A,16,N,OD1,B,48,u,O2',3.38,HB
A,20,Q,NE2,B,24,c,O4',3.9,HB
A,23,K,NZ,B,46,c,O3',3.34,HB
A,23,K,NZ,B,47,u,OP1,2.94,HB
A,23,K,NZ,B,47,u,O5',3.58,HB
A,40,R,NE,B,24,c,O2',2.82,HB
A,40,R,NH2,B,24,c,O2',3.21,HB
A,43,R,NE,B,24,c,O3',3.41,HB
A,43,R,NE,B,25,c,OP1,1.8,HB
A,43,R,NE,B,25,c,OP2,2.74,HB
A,43,R,NH1,B,25,c,OP1,1.74,HB
A,43,R,NH1,B,25,c,OP2,3.87,HB
A,43,R,NH1,B,25,c,O5',3.72,HB
A,43,R,NH2,B,25,c,OP1,2.48,HB
A,43,R,NH2,B,25,c,OP2,2.67,HB
A,43,R,NH2,B,25,c,O5',3.52,HB
A,50,R,NH1,B,23,g,O3',2.48,HB
A,50,R,NH2,B,23,g,OP1,3.02,HB
A,50,R,NH2,B,23,g,O5',3.58,HB
A,50,R,NH2,B,23,g,O3',3.73,HB
A,50,R,NH1,B,24,c,OP1,3.68,HB
A,55,R,NE,B,24,c,OP1,2.57,HB
A,55,R,NE,B,24,c,OP2,3.51,HB
A,55,R,NH1,B,24,c,OP1,1.55,HB
A,55,R,NH1,B,24,c,OP2,3.42,HB
A,55,R,NH1,B,24,c,O5',3.25,HB
A,55,R,NH2,B,24,c,OP1,3.43,HB
A,59,R,NE,B,61,g,O3',2.84,HB
A,59,R,NH2,B,61,g,O3',2.98,HB
A,59,R,NE,B,62,u,OP1,2.96,HB
A,59,R,NH1,B,62,u,OP1,2.46,HB
A,59,R,NH2,B,62,u,OP1,2.13,HB
A,59,R,NH2,B,62,u,O5',3.3,HB
A,67,K,NZ,B,77,g,OP1,2.56,HB
A,69,R,NH1,B,32,g,O2',2.56,HB
A,70,R,NH1,B,39,g,O2',1.95,HB
A,70,R,NH2,B,39,g,O2',3.83,HB
A,74,R,NE,B,62,u,O3',3.86,HB
A,74,R,NE,B,63,g,OP1,3.05,HB
A,74,R,NH1,B,63,g,OP1,3.86,HB
A,74,R,NH2,B,63,g,OP1,2.86,HB
A,81,Y,OH,B,41,c,OP1,3.27,HB
A,81,Y,OH,B,41,c,O5',3.32,HB
A,81,Y,OH,B,41,c,O3',2.52,HB
A,81,Y,OH,B,42,g,OP1,3.05,HB
A,81,Y,OH,B,42,g,OP2,2.85,HB
A,108,G,O,B,29,a,O2',2.98,HB
A,114,R,NE,B,30,u,OP1,3.75,HB
A,114,R,NE,B,30,u,OP2,3.7,HB