Chain1,Res1,ResName1,Atom1,Chain2,Res2,ResName2,Atom2,Distance,Type
A,133,C,SG,B,10,u,OP2,3.23,HB
A,139,C,N,B,9,a,O3',2.53,HB
A,139,C,O,B,9,a,O2',3.23,HB
A,139,C,SG,B,9,a,O3',3.27,HB
A,139,C,SG,B,9,a,O2',2.97,HB
A,139,C,N,B,10,u,OP1,3.82,HB
A,139,C,N,B,10,u,OP2,1.68,HB
A,139,C,N,B,10,u,O5',3.46,HB
A,139,C,SG,B,10,u,OP1,2.94,HB
A,139,C,SG,B,10,u,OP2,2.71,HB
A,140,G,N,B,9,a,O3',2.78,HB
A,144,H,NE2,B,13,u,OP2,3.75,HB
A,145,Q,NE2,B,8,u,O2,3.35,HB
A,146,R,O,B,7,g,N1,3.64,HB
A,146,R,O,B,8,u,N3,3.72,HB
A,146,R,NH1,B,12,c,N3,2.89,HB
A,146,R,NH2,B,12,c,O2,3.66,HB
A,146,R,NH2,B,12,c,N3,3.01,HB
A,146,R,NH2,B,13,u,OP2,3.79,HB
A,146,R,NH1,B,14,a,N1,3.53,HB
A,146,R,NH1,B,14,a,N3,3.5,HB
A,148,K,N,B,7,g,O6,3.77,HB
A,148,K,NZ,B,7,g,C6,2.65,HB
A,148,K,NZ,B,7,g,O6,3.1,HB
A,148,K,NZ,B,7,g,N1,3.83,HB
A,148,K,CD,B,8,u,C5,3.89,HY
A,148,K,NZ,B,8,u,O4,3.71,HB
A,150,N,ND2,B,6,c,OP2,3.19,HB
A,814,K,NZ,B,9,a,OP1,2.9,HB
A,814,K,NZ,B,9,a,N7,3.17,HB
A,817,K,NZ,B,8,u,O3',3.05,HB
A,817,K,NZ,B,8,u,O2',1.6,HB
A,817,K,NZ,B,9,a,OP2,3.55,HB
A,818,Y,OH,B,8,u,O4,3.81,HB
A,826,D,OD2,B,7,g,N2,2.87,HB
A,828,Y,OH,B,14,a,N6,2.79,HB
A,831,V,N,B,1,c,OP1,2.1,HB
A,831,V,N,B,1,c,OP2,3.31,HB
A,832,E,N,B,1,c,OP1,3.49,HB