Chain1,Res1,ResName1,Atom1,Chain2,Res2,ResName2,Atom2,Distance,Type
A,14,R,NE,B,17,u,OP1,3.79,HB
A,14,R,NH1,B,17,u,O4,3.28,HB
A,14,R,NH2,B,17,u,OP1,2.83,HB
A,14,R,NH2,B,17,u,OP2,2.48,HB
A,16,I,CD1,B,18,u,C5,4.25,HY
A,27,Q,NE2,B,16,g,C6,3.75,HB
A,27,Q,NE2,B,16,g,N1,2.75,HB
A,29,S,OG,B,18,u,O2,3.62,HB
A,31,Y,OH,B,17,u,OP1,2.46,HB
A,31,Y,CD1,B,18,u,C5,3.79,HY
A,31,Y,CE1,B,18,u,C5,4.4,HY
A,85,I,CB,B,17,u,C5,4.29,HY
A,85,I,CG2,B,17,u,C5,3.37,HY
A,85,I,CD1,B,17,u,C5,4.08,HY
A,86,N,O,B,17,u,N3,3.82,HB
A,89,G,N,B,17,u,O2,3.83,HB
A,89,G,N,B,17,u,N3,3.43,HB