Chain1,Res1,ResName1,Atom1,Chain2,Res2,ResName2,Atom2,Distance,Type
A,26,Y,CD1,B,9,u,C5,4.0,HY
A,26,Y,CE1,B,9,u,C5,4.11,HY
A,26,Y,OH,B,9,u,O4',2.48,HB
A,47,Y,CG,B,21,c,C6,4.41,HY
A,47,Y,CD1,B,21,c,C6,3.28,HY
A,47,Y,CE1,B,21,c,C6,3.04,HY
A,47,Y,OH,B,21,c,N4,3.57,HB
A,50,K,NZ,B,22,c,O3',3.84,HB
A,50,K,NZ,B,23,g,OP1,1.57,HB
A,50,K,NZ,B,23,g,OP2,3.71,HB
A,51,K,O,B,8,u,O2',3.42,HB
A,51,K,NZ,B,11,a,N7,3.61,HB
A,51,K,NZ,B,12,u,OP2,3.29,HB
A,51,K,NZ,B,12,u,O4,3.77,HB
A,52,R,NH1,B,24,g,O3',2.21,HB
A,52,R,O,B,25,u,N3,3.82,HB
A,52,R,CB,B,25,u,C5,3.53,HY
A,52,R,CG,B,25,u,C5,4.27,HY
A,52,R,NE,B,25,u,OP1,3.14,HB
A,52,R,NE,B,25,u,OP2,1.88,HB
A,52,R,NE,B,25,u,O5',3.75,HB
A,52,R,NH1,B,25,u,OP1,1.35,HB
A,52,R,NH1,B,25,u,OP2,1.56,HB
A,52,R,NH1,B,25,u,O5',2.79,HB
A,52,R,NH2,B,25,u,OP1,2.5,HB
A,52,R,NH2,B,25,u,OP2,3.21,HB
A,53,R,NH2,B,6,g,C6,3.57,HB
A,53,R,NH2,B,6,g,O6,3.88,HB
A,53,R,NH2,B,6,g,N1,3.6,HB
A,53,R,NE,B,7,c,N3,3.1,HB
A,53,R,NH1,B,7,c,O4',3.26,HB
A,53,R,NH1,B,7,c,O2,2.99,HB
A,53,R,NH1,B,7,c,N3,2.65,HB
A,53,R,NH2,B,7,c,O2,3.03,HB
A,53,R,NH2,B,7,c,N3,1.08,HB
A,53,R,CB,B,8,u,C5,2.72,HY
A,53,R,CG,B,8,u,C5,2.94,HY
A,53,R,NH2,B,31,g,O6,3.81,HB
A,53,R,NH2,B,31,g,N1,3.63,HB
A,54,Q,N,B,25,u,O2',3.86,HB
A,54,Q,OE1,B,25,u,O2',3.32,HB
A,54,Q,NE2,B,25,u,O3',3.0,HB
A,54,Q,NE2,B,25,u,O2',3.27,HB
A,54,Q,NE2,B,26,c,OP1,3.7,HB
A,54,Q,NE2,B,26,c,OP2,2.43,HB
A,55,R,NE,B,7,c,OP1,1.91,HB
A,55,R,NE,B,7,c,OP2,2.91,HB
A,55,R,NE,B,7,c,O5',3.24,HB
A,55,R,NH1,B,7,c,OP1,2.88,HB
A,55,R,NH2,B,7,c,OP1,2.59,HB
A,55,R,NH2,B,7,c,O5',3.34,HB
A,55,R,NH2,B,7,c,O3',3.56,HB
A,55,R,NE,B,8,u,OP2,3.19,HB
A,55,R,NH2,B,8,u,OP1,3.52,HB
A,55,R,NH2,B,8,u,OP2,2.69,HB
A,56,R,NH1,B,4,a,O3',3.28,HB
A,56,R,NE,B,5,a,OP1,2.24,HB
A,56,R,NH1,B,5,a,OP1,1.43,HB
A,56,R,NH1,B,5,a,O5',3.71,HB
A,56,R,NH2,B,5,a,OP1,2.42,HB
A,56,R,NH2,B,5,a,OP2,3.68,HB
A,56,R,N,B,6,g,OP1,3.39,HB
A,56,R,N,B,6,g,OP2,3.77,HB