Chain1,Res1,ResName1,Atom1,Chain2,Res2,ResName2,Atom2,Distance,Type
A,197,I,O,B,5,a,O2',3.88,HB
A,200,G,N,B,5,a,OP2,3.8,HB
A,272,D,O,B,5,a,N6,2.69,HB
A,274,M,N,B,5,a,N1,3.2,HB
A,280,H,NE2,B,6,c,O3',3.72,HB
A,280,H,ND1,B,7,g,OP1,3.24,HB
A,280,H,NE2,B,7,g,OP1,1.67,HB
A,280,H,NE2,B,7,g,O5',3.61,HB
A,280,H,NE2,B,8,g,O4',3.79,HB
A,334,S,OG,B,5,a,N7,3.24,HB
A,392,R,NH1,B,8,g,O3',3.68,HB
A,392,R,NH1,B,8,g,O2',3.44,HB
A,392,R,NH2,B,8,g,O3',3.51,HB
A,392,R,NH2,B,9,g,OP1,3.11,HB
A,392,R,NH2,B,9,g,O5',2.58,HB
A,392,R,NH2,B,9,g,O4',3.69,HB
A,392,R,NH2,B,9,g,O3',3.61,HB
A,397,K,N,B,9,g,O3',3.38,HB
A,397,K,O,B,9,g,O2',3.2,HB
A,397,K,N,B,10,a,OP1,1.57,HB
A,397,K,N,B,10,a,OP2,3.76,HB
A,397,K,NZ,B,10,a,OP2,3.33,HB
A,398,D,N,B,10,a,OP1,2.77,HB