Chain1,Res1,ResName1,Atom1,Chain2,Res2,ResName2,Atom2,Distance,Type
A,166,Y,OH,B,20,u,O2',2.91,HB
A,166,Y,OH,B,21,a,N7,2.61,HB
A,166,Y,OH,B,22,a,N7,2.9,HB
A,166,Y,OH,B,22,a,N6,2.97,HB
A,168,K,NZ,B,24,g,O4',3.69,HB
A,169,N,OD1,B,39,c,O2',2.56,HB
A,169,N,ND2,B,39,c,O2',2.93,HB
A,171,G,N,B,20,u,O2',3.22,HB
A,245,Y,OH,B,22,a,N6,3.55,HB
A,245,Y,OH,B,22,a,N1,2.63,HB
A,245,Y,OH,B,22,a,N3,3.32,HB
A,245,Y,OH,B,23,c,N4,2.18,HB
A,262,R,NH1,B,18,g,O2',3.54,HB
A,262,R,NH2,B,18,g,O2',3.12,HB
A,262,R,NH1,B,19,g,O4',3.89,HB
A,262,R,NH2,B,19,g,O4',2.92,HB
A,262,R,N,B,40,c,O3',3.67,HB
A,263,T,OG1,B,41,u,OP1,3.22,HB
A,267,K,NZ,B,39,c,OP1,3.62,HB
A,267,K,NZ,B,39,c,O3',3.53,HB
A,267,K,NZ,B,40,c,OP1,3.15,HB
A,267,K,NZ,B,40,c,OP2,3.32,HB
A,271,K,NZ,B,11,u,OP1,3.02,HB
A,271,K,NZ,B,11,u,OP2,2.88,HB
A,271,K,NZ,B,11,u,O5',2.36,HB
A,271,K,NZ,B,11,u,O3',3.81,HB
A,271,K,NZ,B,12,g,OP2,2.9,HB
A,275,G,O,B,38,a,O2',3.49,HB
A,276,Q,N,B,38,a,O2',3.87,HB
A,276,Q,NE2,B,39,c,OP1,2.73,HB
A,284,M,SD,B,21,a,N6,3.39,HB