Chain1,Res1,ResName1,Atom1,Chain2,Res2,ResName2,Atom2,Distance,Type
A,34,T,OG1,B,23,c,OP1,3.57,HB
A,34,T,OG1,B,23,c,OP2,3.7,HB
A,35,R,NH2,B,29,a,N1,3.72,HB
A,35,R,NE,B,58,g,O6,2.91,HB
A,35,R,NH1,B,58,g,O6,3.73,HB
A,35,R,NH2,B,58,g,O6,3.54,HB
A,35,R,NH2,B,58,g,N1,3.58,HB
A,35,R,NH2,B,60,g,C6,2.87,HB
A,35,R,NH2,B,60,g,O6,2.78,HB
A,36,Q,NE2,B,24,g,O6,3.27,HB
A,39,R,NH2,B,27,a,N1,3.59,HB
A,39,R,NE,B,61,u,O4,3.46,HB
A,39,R,NH1,B,61,u,O4,2.79,HB
A,39,R,NH2,B,61,u,N3,3.37,HB
A,39,R,NH2,B,61,u,O4,3.2,HB
A,39,R,NE,B,62,g,O6,3.44,HB
A,39,R,NH1,B,62,g,C6,3.28,HB
A,39,R,NH1,B,62,g,O6,2.21,HB
A,39,R,NH2,B,62,g,C6,1.9,HB
A,39,R,NH2,B,62,g,O6,1.73,HB
A,39,R,NH2,B,62,g,N1,3.28,HB
A,42,R,NH1,B,59,g,O3',3.19,HB
A,42,R,NH1,B,60,g,OP1,2.71,HB
A,42,R,NH1,B,60,g,O5',2.21,HB
A,42,R,NH1,B,60,g,O3',3.24,HB
A,42,R,NH2,B,60,g,OP1,3.76,HB
A,42,R,NH2,B,60,g,O5',3.08,HB
A,42,R,NE,B,61,u,OP1,3.75,HB
A,42,R,NE,B,61,u,OP2,3.36,HB
A,42,R,NH1,B,61,u,OP1,3.34,HB
A,42,R,NH1,B,61,u,OP2,3.29,HB
A,42,R,NH2,B,61,u,OP2,2.8,HB
A,43,R,NE,B,63,a,OP2,3.41,HB
A,43,R,NH1,B,63,a,N7,3.64,HB
A,43,R,NH2,B,63,a,O5',3.86,HB
A,43,R,NH2,B,64,c,OP2,2.25,HB
A,44,R,NH1,B,21,a,OP1,3.33,HB
A,46,R,NH1,B,61,u,O3',2.63,HB
A,46,R,NH2,B,61,u,O3',3.39,HB
A,46,R,NE,B,62,g,OP1,3.17,HB
A,46,R,NE,B,62,g,OP2,3.73,HB
A,46,R,NH1,B,62,g,OP1,1.97,HB
A,46,R,NH1,B,62,g,OP2,2.84,HB
A,46,R,NH2,B,62,g,OP1,2.63,HB
A,46,R,NH2,B,62,g,OP2,1.58,HB
A,46,R,NH2,B,62,g,O5',3.72,HB