Chain1,Res1,ResName1,Atom1,Chain2,Res2,ResName2,Atom2,Distance,Type
A,20,R,NH1,B,13,c,OP2,3.43,HB
A,22,R,NE,B,32,g,O3',3.66,HB
A,22,R,NH1,B,32,g,O3',2.13,HB
A,22,R,NE,B,33,g,OP1,2.3,HB
A,22,R,NH1,B,33,g,OP1,0.99,HB
A,22,R,NH1,B,33,g,OP2,2.64,HB
A,22,R,NH1,B,33,g,O5',3.08,HB
A,22,R,NH2,B,33,g,OP1,2.04,HB
A,24,G,N,B,14,u,OP2,2.02,HB
A,25,G,N,B,13,c,OP2,3.31,HB
A,26,K,NZ,B,12,u,O2',3.29,HB
A,26,K,NZ,B,12,u,O2,3.3,HB
A,26,K,NZ,B,12,u,N3,3.05,HB
A,26,K,N,B,13,c,OP1,3.51,HB
A,26,K,N,B,13,c,OP2,3.58,HB
A,27,K,NZ,B,33,g,O3',3.02,HB
A,27,K,NZ,B,34,a,OP1,2.1,HB
A,27,K,NZ,B,34,a,O5',2.56,HB
A,74,E,OE1,B,1,g,O2',2.45,HB
A,74,E,OE2,B,1,g,O2',3.8,HB
A,444,K,O,B,31,u,O2',2.62,HB
A,445,A,N,B,31,u,O3',3.26,HB
A,446,R,N,B,30,g,O3',3.71,HB
A,446,R,N,B,31,u,OP1,2.31,HB
A,446,R,N,B,31,u,OP2,3.86,HB
A,446,R,N,B,31,u,O5',2.06,HB
A,446,R,N,B,31,u,O3',3.16,HB
A,446,R,CG,B,31,u,C5,4.31,HY
A,446,R,NE,B,31,u,OP2,3.13,HB
A,446,R,NH1,B,31,u,OP2,3.74,HB
A,446,R,NH2,B,31,u,O4,2.68,HB
A,446,R,N,B,32,g,OP2,3.34,HB
A,446,R,NH2,B,32,g,O6,3.31,HB
A,447,E,N,B,31,u,OP1,3.72,HB
A,653,K,NZ,B,1,g,OP2,3.37,HB
A,653,K,NZ,B,1,g,O5',2.82,HB
A,653,K,NZ,B,1,g,O4',2.84,HB
A,817,M,O,B,38,c,O2',3.66,HB
A,817,M,SD,B,39,u,O2',3.54,HB
A,818,G,N,B,39,u,OP1,3.73,HB
A,829,Q,NE2,B,39,u,OP1,3.77,HB
A,845,Q,OE1,B,35,u,O2',1.47,HB
A,845,Q,NE2,B,35,u,O2',3.34,HB
A,845,Q,O,B,36,g,O2',2.9,HB
A,846,K,N,B,36,g,O2',3.65,HB
A,846,K,O,B,36,g,O2',3.71,HB
A,849,G,N,B,36,g,O2',3.9,HB
A,852,N,ND2,B,7,a,O2',2.32,HB
A,867,C,SG,B,8,u,O3',3.74,HB
A,870,L,O,B,9,c,O2',2.82,HB
A,872,G,N,B,9,c,O3',3.59,HB
A,872,G,O,B,9,c,O2',3.36,HB
A,872,G,N,B,10,c,OP1,3.32,HB
A,873,T,OG1,B,10,c,O3',3.82,HB
A,873,T,OG1,B,10,c,O2',3.32,HB
A,1033,A,O,B,24,u,N3,3.33,HB
A,1035,R,N,B,24,u,O2,2.76,HB
A,1035,R,N,B,24,u,N3,3.76,HB
A,1035,R,NE,B,24,u,O4',2.47,HB
A,1035,R,NE,B,24,u,O3',3.29,HB
A,1035,R,NE,B,24,u,O2',3.25,HB
A,1035,R,NE,B,24,u,O2,3.04,HB
A,1035,R,NH1,B,24,u,O4',3.84,HB
A,1035,R,NH2,B,24,u,O4',2.0,HB
A,1035,R,NH2,B,24,u,O3',3.73,HB
A,1061,N,ND2,B,23,g,O3',2.51,HB
A,1061,N,ND2,B,23,g,O2',3.56,HB
A,1061,N,N,B,24,u,OP2,3.58,HB
A,1061,N,ND2,B,24,u,OP2,1.9,HB
A,1061,N,ND2,B,24,u,O5',2.8,HB
A,1062,Q,OE1,B,25,g,O2',1.28,HB
A,1062,Q,NE2,B,25,g,O2',3.1,HB
A,1062,Q,NE2,B,25,g,N1,3.69,HB
A,1062,Q,NE2,B,26,c,O4',3.42,HB
A,1087,Q,NE2,B,22,g,OP1,1.71,HB
A,1087,Q,NE2,B,22,g,O5',3.85,HB
A,1088,Y,OH,B,26,c,O4',3.72,HB
A,1088,Y,OH,B,26,c,O2',3.64,HB
A,1126,H,NE2,B,23,g,C6,3.4,HB
A,1126,H,NE2,B,23,g,O6,3.81,HB
A,1126,H,NE2,B,23,g,N1,3.84,HB