Chain1,Res1,ResName1,Atom1,Chain2,Res2,ResName2,Atom2,Distance,Type
A,33,R,NH2,B,41,a,N1,3.43,HB
A,33,R,NH2,B,45,g,O6,2.93,HB
A,35,R,NH2,B,37,g,OP2,3.89,HB
A,35,R,NE,B,38,g,O6,3.37,HB
A,35,R,NH1,B,38,g,C6,2.28,HB
A,35,R,NH1,B,38,g,O6,1.41,HB
A,35,R,NH1,B,38,g,N1,3.39,HB
A,35,R,NH2,B,38,g,C6,3.37,HB
A,35,R,NH2,B,38,g,O6,2.86,HB
A,38,C,SG,B,45,g,O2',2.34,HB
A,38,C,CB,B,48,u,C5,4.48,HY
A,38,C,SG,B,48,u,O4,2.82,HB
A,41,R,NH1,B,37,g,C6,3.04,HB
A,41,R,NH1,B,37,g,O6,1.86,HB
A,41,R,NH1,B,37,g,N1,3.73,HB
A,41,R,NH1,B,38,g,N1,3.73,HB
A,41,R,NH2,B,49,a,OP2,2.99,HB
A,41,R,NE,B,51,a,N1,3.76,HB
A,41,R,NH1,B,51,a,N1,3.07,HB
A,41,R,NH2,B,51,a,N1,3.08,HB
A,42,S,OG,B,34,u,O3',3.53,HB
A,42,S,N,B,35,a,OP1,2.6,HB
A,42,S,OG,B,35,a,OP1,2.91,HB
A,42,S,OG,B,35,a,O5',3.31,HB
A,42,S,OG,B,35,a,O3',3.51,HB
A,42,S,OG,B,36,g,OP2,2.32,HB
A,44,G,N,B,36,g,OP1,2.45,HB
A,44,G,N,B,36,g,OP2,2.19,HB
A,44,G,N,B,36,g,O5',3.75,HB
A,45,S,N,B,35,a,O3',3.48,HB
A,45,S,N,B,36,g,OP1,1.54,HB
A,45,S,N,B,36,g,O5',3.47,HB
A,92,G,N,B,34,u,O2,3.59,HB
A,92,G,O,B,34,u,N3,3.06,HB
A,122,K,NZ,B,45,g,O3',2.93,HB
A,122,K,NZ,B,46,a,OP1,2.76,HB
A,122,K,NZ,B,46,a,OP2,0.58,HB
A,122,K,NZ,B,46,a,O5',3.01,HB
A,123,K,NZ,B,43,u,O3',3.54,HB
A,123,K,NZ,B,44,a,OP2,2.83,HB
A,123,K,N,B,45,g,OP2,3.78,HB
A,124,R,NE,B,46,a,OP1,3.33,HB
A,124,R,NH1,B,46,a,OP1,2.96,HB
A,124,R,NH2,B,46,a,OP1,2.61,HB
A,124,R,NH2,B,46,a,OP2,3.45,HB
A,124,R,NH2,B,46,a,O5',3.87,HB
A,155,N,ND2,B,43,u,O2,3.72,HB
A,187,R,NE,B,44,a,N7,3.55,HB
A,187,R,NH2,B,44,a,N7,2.94,HB
A,187,R,NE,B,45,g,O6,3.66,HB
A,187,R,NH1,B,45,g,C6,3.46,HB
A,187,R,NH1,B,45,g,O6,3.3,HB
A,187,R,NH2,B,45,g,C6,3.2,HB
A,187,R,NH2,B,45,g,O6,3.14,HB
A,189,P,CG,B,43,u,C5,4.39,HY
A,190,N,N,B,43,u,O4,3.21,HB
A,190,N,OD1,B,43,u,N3,3.02,HB
A,218,K,NZ,B,42,u,O2',3.78,HB
A,218,K,NZ,B,42,u,O2,3.44,HB
A,218,K,NZ,B,42,u,N3,3.38,HB
A,220,Q,NE2,B,43,u,O4,2.52,HB