Chain1,Res1,ResName1,Atom1,Chain2,Res2,ResName2,Atom2,Distance,Type
A,27,K,CG,B,23,c,C6,4.5,HY
A,27,K,CD,B,23,c,C6,3.88,HY
A,27,K,NZ,B,23,c,OP1,3.57,HB
A,31,H,ND1,B,23,c,O2,3.18,HB
A,31,H,ND1,B,23,c,N3,3.45,HB
A,31,H,NE2,B,23,c,O2,2.63,HB
A,31,H,NE2,B,23,c,N3,2.17,HB
A,31,H,NE2,B,23,c,N4,3.59,HB
A,60,C,N,B,23,c,O2',3.81,HB
A,60,C,SG,B,23,c,O2,3.49,HB
A,60,C,N,B,24,a,O4',3.56,HB
A,60,C,SG,B,24,a,O4',2.69,HB
A,61,K,N,B,24,a,O5',3.77,HB
A,61,K,N,B,24,a,O4',3.34,HB
A,61,K,N,B,24,a,O3',2.73,HB
A,61,K,N,B,25,g,OP1,3.63,HB
A,61,K,N,B,25,g,OP2,1.82,HB
A,61,K,NZ,B,26,u,OP2,3.24,HB
A,61,K,NZ,B,26,u,O5',3.84,HB
A,62,N,N,B,25,g,OP2,2.79,HB
A,64,Y,N,B,25,g,OP1,3.46,HB
A,64,Y,OH,B,40,a,O4',3.48,HB
A,64,Y,OH,B,40,a,O2',2.02,HB
A,65,K,N,B,25,g,OP1,3.65,HB
A,65,K,NZ,B,25,g,O3',2.12,HB
A,65,K,NZ,B,25,g,O2',3.84,HB
A,65,K,NZ,B,26,u,OP1,2.49,HB
A,65,K,NZ,B,26,u,OP2,3.51,HB
A,65,K,NZ,B,26,u,O5',1.6,HB
A,65,K,NZ,B,26,u,O4',3.37,HB
A,318,G,N,B,26,u,N3,3.44,HB
A,330,E,OE1,B,26,u,N3,3.84,HB
A,333,C,N,B,26,u,O4,2.86,HB
A,440,L,CD2,B,32,c,C6,4.36,HY
A,464,T,N,B,31,u,O4',3.58,HB
A,464,T,CG2,B,31,u,C5,3.94,HY
A,465,A,N,B,31,u,O4',3.17,HB
A,474,E,O,B,32,c,N4,3.39,HB
A,475,K,NZ,B,30,g,O4',3.61,HB
A,475,K,NZ,B,30,g,C6,2.6,HB
A,475,K,NZ,B,30,g,O6,3.41,HB
A,475,K,NZ,B,30,g,N1,3.46,HB