Chain1,Res1,ResName1,Atom1,Chain2,Res2,ResName2,Atom2,Distance,Type
A,50,T,O,B,79,u,N3,3.64,HB
A,51,A,CB,B,79,u,C5,4.06,HY
A,52,S,N,B,79,u,O4,1.93,HB
A,58,T,OG1,B,77,g,O4',3.54,HB
A,93,R,NE,B,77,g,O3',3.07,HB
A,93,R,NH1,B,77,g,O3',3.33,HB
A,93,R,NH2,B,77,g,O3',1.26,HB
A,93,R,NH2,B,77,g,O2',3.11,HB
A,93,R,NE,B,78,g,OP1,2.29,HB
A,93,R,NE,B,78,g,OP2,2.41,HB
A,93,R,NE,B,78,g,O5',0.92,HB
A,93,R,NH1,B,78,g,OP1,3.7,HB
A,93,R,NH1,B,78,g,O5',1.62,HB
A,93,R,NH1,B,78,g,O4',2.88,HB
A,93,R,NH1,B,78,g,O3',2.21,HB
A,93,R,NH1,B,78,g,O2',3.86,HB
A,93,R,NH2,B,78,g,OP1,2.71,HB
A,93,R,NH2,B,78,g,OP2,2.45,HB
A,93,R,NH2,B,78,g,O5',1.47,HB
A,93,R,NH1,B,79,u,OP2,2.51,HB
A,93,R,NH1,B,79,u,O5',3.6,HB
A,93,R,NH2,B,79,u,OP2,3.68,HB
A,94,R,NH1,B,12,a,OP1,3.3,HB
A,95,V,O,B,5,g,N2,3.82,HB
A,96,R,O,B,5,g,N1,3.51,HB
A,96,R,O,B,5,g,C2,2.49,HB
A,96,R,O,B,5,g,N2,2.39,HB
A,96,R,NH1,B,7,g,OP2,3.5,HB
A,97,G,O,B,5,g,O2',2.73,HB
A,98,G,N,B,5,g,O2',2.17,HB
A,98,G,O,B,5,g,O2',2.73,HB
A,98,G,O,B,16,u,N3,3.8,HB
A,98,G,N,B,17,g,N1,3.74,HB
A,99,D,N,B,5,g,O2',3.39,HB
A,99,D,N,B,6,a,OP2,3.83,HB
A,99,D,O,B,15,g,N1,0.91,HB
A,99,D,O,B,15,g,C2,2.01,HB
A,99,D,O,B,15,g,N2,2.8,HB
A,99,D,N,B,16,u,O2,3.18,HB
A,99,D,N,B,16,u,N3,2.7,HB
A,99,D,N,B,16,u,O4,3.76,HB
A,99,D,O,B,16,u,N3,2.63,HB
A,99,D,CB,B,16,u,C5,3.06,HY
A,99,D,OD1,B,16,u,N3,3.35,HB
A,99,D,OD2,B,16,u,N3,3.71,HB
A,99,D,OD1,B,17,g,N1,2.39,HB
A,99,D,OD1,B,17,g,C2,3.02,HB
A,100,G,N,B,6,a,OP2,2.12,HB
A,100,G,N,B,15,g,C6,3.41,HB
A,100,G,N,B,15,g,O6,3.24,HB
A,100,G,N,B,15,g,N1,2.77,HB
A,100,G,N,B,16,u,O2,3.35,HB
A,100,G,N,B,16,u,N3,3.65,HB
A,101,K,N,B,7,g,O6,3.49,HB
A,101,K,N,B,15,g,C6,2.58,HB
A,101,K,N,B,15,g,O6,1.66,HB
A,101,K,N,B,15,g,N1,2.97,HB
A,101,K,NZ,B,15,g,OP2,3.63,HB
A,103,K,NZ,B,17,g,C6,3.2,HB
A,103,K,NZ,B,17,g,O6,2.55,HB
A,103,K,NZ,B,17,g,N1,3.3,HB
A,103,K,NZ,B,76,a,N1,2.87,HB
A,106,S,N,B,78,g,OP2,3.67,HB
A,108,R,NE,B,77,g,O3',2.3,HB
A,108,R,NE,B,77,g,O2',3.74,HB
A,108,R,NH1,B,77,g,O3',3.73,HB
A,108,R,NH2,B,77,g,O3',2.38,HB
A,108,R,NH2,B,77,g,O2',1.88,HB
A,108,R,NE,B,78,g,OP1,2.38,HB
A,108,R,NE,B,78,g,O5',3.05,HB
A,108,R,NH1,B,78,g,O5',3.48,HB
A,108,R,NH1,B,78,g,O3',2.92,HB
A,108,R,NH2,B,78,g,O5',3.49,HB
A,108,R,NE,B,79,u,OP2,2.73,HB
A,108,R,NH1,B,79,u,OP1,2.97,HB
A,108,R,NH1,B,79,u,OP2,0.62,HB
A,108,R,NH1,B,79,u,O5',3.09,HB
A,108,R,NH2,B,79,u,OP2,2.79,HB
A,110,Y,CG,B,79,u,C5,4.3,HY
A,110,Y,CD1,B,79,u,C5,3.78,HY
A,110,Y,CE1,B,79,u,C5,3.53,HY
A,110,Y,CE2,B,79,u,C5,4.36,HY
A,110,Y,OH,B,79,u,OP2,3.09,HB
A,110,Y,OH,B,79,u,O5',2.64,HB
A,110,Y,OH,B,79,u,O4',3.52,HB
A,112,Y,OH,B,79,u,O2,3.81,HB
A,112,Y,OH,B,79,u,N3,2.46,HB
A,112,Y,OH,B,79,u,O4,2.73,HB
A,173,Y,OH,B,77,g,O4',3.01,HB
A,174,A,O,B,77,g,N2,3.7,HB
A,175,E,O,B,77,g,N2,3.41,HB
A,175,E,OE1,B,77,g,O2',3.56,HB
A,175,E,OE2,B,77,g,N2,3.73,HB
A,176,G,N,B,77,g,N1,3.22,HB
A,234,K,NZ,B,29,g,O3',3.45,HB
A,234,K,O,B,30,u,N3,3.25,HB
A,234,K,CB,B,30,u,C5,3.44,HY
A,234,K,CG,B,30,u,C5,3.46,HY
A,234,K,CD,B,30,u,C5,3.8,HY
A,234,K,NZ,B,30,u,OP1,1.28,HB
A,234,K,NZ,B,30,u,OP2,3.14,HB
A,234,K,NZ,B,30,u,O5',2.4,HB
A,242,Q,NE2,B,33,g,O2',3.78,HB
A,262,K,NZ,B,22,g,O3',3.86,HB
A,262,K,NZ,B,23,c,OP1,2.44,HB
A,264,T,OG1,B,64,g,OP1,3.19,HB
A,297,T,O,B,63,u,N3,3.66,HB
A,302,W,CG,B,63,u,C5,3.95,HY
A,302,W,NE1,B,63,u,O4',3.63,HB
A,303,P,CG,B,63,u,C5,4.18,HY
A,306,A,CB,B,63,u,C5,4.17,HY