Chain1,Res1,ResName1,Atom1,Chain2,Res2,ResName2,Atom2,Distance,Type
A,146,S,N,B,36,c,OP1,2.81,HB
A,146,S,N,B,36,c,OP2,3.28,HB
A,147,R,N,B,36,c,OP1,3.33,HB
A,147,R,NH1,B,36,c,O3',3.32,HB
A,147,R,N,B,37,g,OP2,3.83,HB
A,149,L,N,B,13,g,OP1,3.82,HB
A,151,H,ND1,B,11,a,OP1,2.76,HB
A,151,H,NE2,B,11,a,OP1,2.63,HB
A,151,H,NE2,B,11,a,OP2,3.57,HB
A,151,H,NE2,B,11,a,O5',2.98,HB
A,151,H,NE2,B,11,a,O3',3.74,HB
A,151,H,NE2,B,12,u,OP1,3.26,HB
A,151,H,NE2,B,12,u,OP2,3.88,HB
A,170,N,ND2,B,35,c,O3',3.26,HB
A,170,N,ND2,B,35,c,O2',2.57,HB