Chain1,Res1,ResName1,Atom1,Chain2,Res2,ResName2,Atom2,Distance,Type
A,127,Q,NE2,B,55,c,O4',2.32,HB
A,138,N,OD1,B,54,u,N3,3.46,HB
A,138,N,ND2,B,54,u,O2,2.95,HB
A,138,N,ND2,B,54,u,N3,2.29,HB
A,138,N,ND2,B,54,u,O4,3.42,HB
A,194,P,CG,B,54,u,C5,4.24,HY
A,224,K,NZ,B,51,u,OP1,3.51,HB
A,224,K,NZ,B,51,u,O5',3.63,HB
A,224,K,NZ,B,51,u,O3',2.95,HB
A,224,K,NZ,B,52,u,OP1,2.82,HB
A,224,K,NZ,B,52,u,OP2,1.67,HB
A,224,K,NZ,B,52,u,O5',3.88,HB
A,241,S,O,B,51,u,O2',3.85,HB
A,241,S,OG,B,51,u,O4',3.47,HB
A,242,Q,OE1,B,50,c,O2',3.14,HB
A,242,Q,NE2,B,50,c,O3',3.34,HB
A,242,Q,NE2,B,50,c,O2',1.5,HB
A,291,G,N,B,51,u,OP1,2.95,HB
A,294,K,N,B,50,c,OP1,3.88,HB
A,298,H,ND1,B,48,a,O3',3.16,HB
A,298,H,NE2,B,48,a,O3',3.2,HB
A,298,H,ND1,B,49,u,OP1,1.97,HB
A,298,H,ND1,B,49,u,O5',3.42,HB
A,298,H,NE2,B,49,u,OP1,3.3,HB
A,333,R,NH1,B,50,c,OP1,3.67,HB
A,333,R,NH1,B,50,c,OP2,3.87,HB
A,336,H,ND1,B,56,u,O4,3.7,HB
A,336,H,NE2,B,56,u,O4,3.12,HB
A,342,R,NH2,B,47,u,O3',2.92,HB
A,342,R,NE,B,48,a,OP1,2.16,HB
A,342,R,NE,B,48,a,OP2,3.74,HB
A,342,R,NH1,B,48,a,OP1,2.59,HB
A,342,R,NH1,B,48,a,OP2,3.03,HB
A,342,R,NH1,B,48,a,O5',3.79,HB
A,342,R,NH2,B,48,a,OP1,1.92,HB
A,342,R,NH2,B,48,a,OP2,1.57,HB
A,342,R,NH2,B,48,a,O5',3.3,HB
A,345,R,NH2,B,48,a,OP1,3.17,HB
A,345,R,NH2,B,48,a,O5',3.19,HB
A,345,R,NH2,B,48,a,O3',2.85,HB
A,345,R,NE,B,49,u,OP1,3.74,HB
A,345,R,NH1,B,49,u,OP1,3.37,HB
A,345,R,NH1,B,49,u,OP2,2.53,HB
A,345,R,NH2,B,49,u,OP1,3.07,HB
A,345,R,NH2,B,49,u,OP2,2.52,HB
A,422,D,OD1,B,70,g,O2',3.03,HB
A,422,D,OD2,B,70,g,O2',2.35,HB
A,447,D,N,B,57,g,O4',3.61,HB