Chain1,Res1,ResName1,Atom1,Chain2,Res2,ResName2,Atom2,Distance,Type
A,60,A,O,B,8,c,O2',2.16,HB
A,61,V,N,B,9,u,OP2,3.19,HB
A,62,Q,N,B,9,u,OP2,2.37,HB
A,64,K,NZ,B,8,c,OP1,3.12,HB
A,69,F,N,B,9,u,O4,3.41,HB
A,90,L,CD2,B,10,c,C6,4.48,HY
A,94,Q,OE1,B,15,c,O2',2.92,HB
A,94,Q,NE2,B,15,c,O3',3.78,HB
A,94,Q,NE2,B,15,c,O2',2.83,HB
A,94,Q,NE2,B,16,u,O5',3.12,HB
A,94,Q,NE2,B,16,u,O4',2.74,HB
A,99,R,NH1,B,11,a,N1,3.29,HB
A,99,R,NE,B,14,c,O2',2.58,HB
A,99,R,NH1,B,14,c,O2',3.54,HB
A,99,R,NH1,B,14,c,O2,3.81,HB
A,99,R,NH2,B,14,c,O2',3.7,HB
A,99,R,NE,B,15,c,O4',3.7,HB
A,99,R,NH1,B,15,c,O4',3.66,HB
A,99,R,NH2,B,15,c,O4',2.62,HB
A,99,R,NH2,B,15,c,O2',3.41,HB
A,101,W,CD2,B,10,c,C6,4.45,HY
A,101,W,NE1,B,10,c,O2,3.72,HB
A,101,W,NE1,B,10,c,N3,3.21,HB
A,101,W,CE3,B,10,c,C6,3.71,HY
A,101,W,CZ2,B,10,c,C6,4.02,HY
A,101,W,CZ3,B,10,c,C6,2.99,HY
A,101,W,CH2,B,10,c,C6,3.19,HY
A,101,W,NE1,B,11,a,N3,3.18,HB
A,101,W,NE1,B,14,c,O4',3.38,HB
A,121,R,O,B,12,u,O2',2.76,HB
A,121,R,NE,B,13,a,N7,2.37,HB
A,121,R,NH1,B,13,a,N7,3.34,HB
A,121,R,NH2,B,13,a,O2',3.05,HB
A,121,R,NH2,B,13,a,N7,2.51,HB
A,121,R,NH2,B,13,a,N3,3.82,HB
A,124,Q,CB,B,12,u,C5,4.45,HY
A,124,Q,CG,B,12,u,C5,3.36,HY
A,124,Q,NE2,B,12,u,O4,2.52,HB
A,147,K,NZ,B,11,a,OP1,2.76,HB
A,147,K,NZ,B,11,a,OP2,3.39,HB
A,154,Y,OH,B,8,c,N4,3.16,HB
A,156,K,NZ,B,10,c,O4',3.65,HB