Chain1,Res1,ResName1,Atom1,Chain2,Res2,ResName2,Atom2,Distance,Type
A,197,Y,N,B,39,a,OP1,3.07,HB
A,197,Y,N,B,39,a,OP2,3.68,HB
A,197,Y,OH,B,40,g,OP1,2.61,HB
A,197,Y,OH,B,40,g,OP2,3.08,HB
A,204,G,N,B,12,a,OP1,3.09,HB
A,210,K,NZ,B,41,u,OP2,3.81,HB
A,211,R,NH1,B,10,a,OP2,2.68,HB
A,211,R,NH1,B,10,a,O5',3.48,HB
A,211,R,NH1,B,11,g,OP2,3.67,HB
A,214,Q,NE2,B,40,g,O3',2.61,HB
A,214,Q,NE2,B,41,u,OP1,1.93,HB
A,214,Q,NE2,B,41,u,OP2,0.8,HB
A,214,Q,NE2,B,41,u,O5',2.49,HB
A,235,K,NZ,B,10,a,O2',3.09,HB
A,238,Q,NE2,B,9,c,O3',2.95,HB
A,238,Q,NE2,B,9,c,O2',3.56,HB
A,238,Q,NE2,B,10,a,OP1,3.14,HB
A,241,R,NH1,B,11,g,OP1,2.48,HB
A,241,R,NH2,B,11,g,OP1,3.03,HB
A,252,K,O,B,39,a,O2',3.13,HB
A,259,R,NH1,B,36,c,O2',2.86,HB
A,259,R,NH1,B,36,c,O2,3.88,HB
A,259,R,NH2,B,36,c,O2',3.0,HB
A,259,R,NH2,B,36,c,O2,1.83,HB
A,259,R,NH2,B,36,c,N3,2.91,HB
A,263,R,NH1,B,33,a,O5',3.73,HB
A,263,R,NH1,B,33,a,O3',2.93,HB
A,263,R,NH2,B,33,a,O3',3.62,HB
A,263,R,NE,B,34,g,OP1,3.4,HB
A,263,R,NE,B,34,g,OP2,2.13,HB
A,263,R,NE,B,34,g,O5',2.7,HB
A,263,R,NH1,B,34,g,OP1,3.5,HB
A,263,R,NH1,B,34,g,OP2,1.0,HB
A,263,R,NH1,B,34,g,O5',2.8,HB
A,263,R,NH2,B,34,g,OP2,2.62,HB
A,263,R,NH2,B,34,g,O5',1.94,HB
A,263,R,NH2,B,34,g,O4',2.91,HB
A,303,K,NZ,B,19,g,O4',3.0,HB
A,303,K,NZ,B,19,g,O3',3.81,HB
A,303,K,NZ,B,19,g,O2',3.58,HB