Chain1,Res1,ResName1,Atom1,Chain2,Res2,ResName2,Atom2,Distance,Type
A,63,R,NE,B,36,g,OP1,3.56,HB
A,63,R,NH1,B,36,g,OP1,3.53,HB
A,63,R,NH2,B,36,g,OP1,3.05,HB
A,64,K,NZ,B,14,c,OP1,3.71,HB
A,64,K,NZ,B,15,u,OP2,2.65,HB
A,66,A,N,B,37,a,O3',3.2,HB
A,66,A,N,B,37,a,O2',2.79,HB
A,66,A,O,B,37,a,O2',2.42,HB
A,72,S,OG,B,22,a,N1,3.7,HB
A,72,S,OG,B,23,g,N2,3.52,HB
A,73,R,NH1,B,35,a,N3,3.56,HB
A,73,R,NH2,B,35,a,O2',3.59,HB
A,73,R,NH2,B,35,a,N3,1.98,HB
A,73,R,NH2,B,36,g,O4',3.84,HB
A,129,N,ND2,B,52,u,O3',3.2,HB
A,129,N,ND2,B,52,u,O2',2.41,HB
A,129,N,ND2,B,52,u,O2,3.7,HB
A,129,N,ND2,B,53,c,O5',3.86,HB
A,129,N,ND2,B,53,c,O4',3.75,HB
A,163,E,OE2,B,52,u,N3,3.84,HB
A,177,Q,OE1,B,52,u,O2',3.29,HB
A,177,Q,NE2,B,53,c,O4',3.58,HB
A,179,A,N,B,52,u,O2,3.72,HB
A,247,S,N,B,2,u,OP1,3.71,HB
A,247,S,OG,B,2,u,O5',3.52,HB
A,247,S,OG,B,2,u,O4',3.37,HB
A,247,S,OG,B,2,u,O3',3.65,HB