Chain1,Res1,ResName1,Atom1,Chain2,Res2,ResName2,Atom2,Distance,Type
A,15,N,ND2,B,37,a,OP1,3.2,HB
A,15,N,ND2,B,38,g,OP1,3.01,HB
A,17,W,N,B,51,c,O2',2.74,HB
A,17,W,NE1,B,51,c,O4',3.73,HB
A,17,W,NE1,B,51,c,O2,3.2,HB
A,36,R,NH1,B,48,a,N3,3.31,HB
A,36,R,NE,B,51,c,O2,3.66,HB
A,36,R,NH1,B,51,c,O2,2.64,HB
A,36,R,NH1,B,51,c,N3,3.01,HB
A,38,K,NZ,B,53,c,OP1,2.04,HB
A,55,P,O,B,35,g,O2',3.87,HB
A,56,Q,O,B,35,g,O2',2.99,HB
A,57,R,N,B,35,g,O2',3.4,HB
A,58,A,N,B,35,g,O3',3.58,HB
A,58,A,N,B,36,g,OP1,3.86,HB
A,60,R,NE,B,36,g,OP1,3.08,HB
A,60,R,NH2,B,36,g,OP1,3.15,HB
A,60,R,NH2,B,36,g,O5',3.74,HB
A,60,R,NH2,B,37,a,OP2,2.91,HB
A,64,H,ND1,B,52,c,O2',3.51,HB
A,64,H,NE2,B,52,c,O2',3.57,HB
A,65,F,CZ,B,52,c,C6,4.48,HY
A,125,R,NH1,B,46,g,O2',3.36,HB
A,125,R,NE,B,47,g,C6,3.74,HB
A,125,R,NE,B,47,g,O6,3.28,HB
A,125,R,NH2,B,47,g,C6,3.17,HB
A,125,R,NH2,B,47,g,O6,3.37,HB
A,150,W,NE1,B,46,g,N1,3.48,HB
A,170,W,NE1,B,47,g,N1,3.34,HB
A,196,N,OD1,B,47,g,C2,3.73,HB
A,196,N,OD1,B,47,g,N2,2.38,HB
A,305,N,OD1,B,51,c,O2',3.89,HB