Chain1,Res1,ResName1,Atom1,Chain2,Res2,ResName2,Atom2,Distance,Type
A,98,R,NH1,B,36,u,O2',3.77,HB
A,98,R,NH2,B,36,u,O2',3.58,HB
A,98,R,NH2,B,37,a,O4',3.21,HB
A,102,K,NZ,B,37,a,O3',2.14,HB
A,102,K,NZ,B,38,c,OP1,1.88,HB
A,102,K,NZ,B,38,c,OP2,3.44,HB
A,102,K,NZ,B,38,c,O5',3.72,HB
A,136,F,CD2,B,51,u,C5,4.34,HY
A,136,F,CE2,B,51,u,C5,3.79,HY
A,140,R,NE,B,36,u,O2',3.09,HB
A,140,R,NH1,B,36,u,O4',3.14,HB
A,140,R,NH1,B,36,u,O2',2.34,HB
A,140,R,NH2,B,36,u,O4',3.14,HB
A,140,R,NH2,B,36,u,O3',3.34,HB
A,140,R,NH2,B,36,u,O2',2.71,HB
A,140,R,O,B,51,u,N3,3.85,HB
A,141,S,N,B,51,u,N3,3.78,HB
A,141,S,O,B,51,u,N3,3.17,HB
A,142,T,N,B,51,u,O2,1.83,HB
A,142,T,N,B,51,u,N3,1.87,HB
A,142,T,N,B,51,u,O4,3.69,HB
A,142,T,OG1,B,51,u,O4',3.75,HB
A,142,T,OG1,B,51,u,O2,2.68,HB
A,142,T,OG1,B,51,u,N3,2.1,HB
A,142,T,OG1,B,51,u,O4,3.46,HB
A,142,T,CG2,B,51,u,C5,4.24,HY
A,143,V,N,B,51,u,O2,2.91,HB
A,145,Q,OE1,B,7,a,O2',2.94,HB
A,145,Q,NE2,B,7,a,O3',3.41,HB
A,145,Q,NE2,B,7,a,O2',3.32,HB