Chain1,Res1,ResName1,Atom1,Chain2,Res2,ResName2,Atom2,Distance,Type
A,30,R,NE,B,13,a,OP2,3.74,HB
A,30,R,NH1,B,13,a,OP2,2.25,HB
A,30,R,NH2,B,13,a,OP1,3.4,HB
A,30,R,NH2,B,13,a,OP2,2.57,HB
A,33,R,N,B,15,g,O2',3.55,HB
A,33,R,NE,B,15,g,O3',1.85,HB
A,33,R,NE,B,15,g,O2',3.17,HB
A,33,R,NH2,B,15,g,O3',3.49,HB
A,33,R,NE,B,16,g,OP1,3.04,HB
A,33,R,NE,B,16,g,OP2,1.57,HB
A,33,R,NE,B,16,g,O5',1.8,HB
A,33,R,NE,B,16,g,O4',3.24,HB
A,33,R,NH1,B,16,g,OP2,2.39,HB
A,33,R,NH1,B,16,g,O5',3.03,HB
A,33,R,NH1,B,16,g,O4',2.89,HB
A,33,R,NH2,B,16,g,OP2,1.81,HB
A,33,R,NH2,B,16,g,O5',3.84,HB
A,35,R,NE,B,16,g,O3',2.24,HB
A,35,R,NE,B,16,g,O2',3.17,HB
A,35,R,NH1,B,16,g,O3',3.14,HB
A,35,R,NH2,B,16,g,O3',1.81,HB
A,35,R,NE,B,17,a,OP1,2.94,HB
A,35,R,NE,B,17,a,O5',3.73,HB
A,35,R,NH1,B,17,a,OP1,1.77,HB
A,35,R,NH1,B,17,a,O5',3.09,HB
A,35,R,NH2,B,17,a,OP1,1.24,HB
A,35,R,NH2,B,17,a,OP2,2.65,HB
A,35,R,NH2,B,17,a,O5',3.03,HB
A,36,Y,OH,B,45,g,O3',3.27,HB
A,36,Y,OH,B,45,g,O2',3.47,HB
A,39,E,OE1,B,16,g,O2',3.07,HB
A,39,E,OE2,B,16,g,O2',2.68,HB
A,39,E,O,B,17,a,O2',3.53,HB
A,41,R,NE,B,17,a,O5',3.86,HB
A,41,R,NE,B,17,a,O3',1.22,HB
A,41,R,NH1,B,17,a,OP1,3.83,HB
A,41,R,NH1,B,17,a,O5',3.11,HB
A,41,R,NH1,B,17,a,O3',3.0,HB
A,41,R,NH2,B,17,a,O3',2.78,HB
A,41,R,NE,B,18,c,OP1,1.54,HB
A,41,R,NE,B,18,c,OP2,1.65,HB
A,41,R,NE,B,18,c,O5',2.15,HB
A,41,R,NH1,B,18,c,OP1,3.3,HB
A,41,R,NH1,B,18,c,OP2,0.74,HB
A,41,R,NH1,B,18,c,O5',3.03,HB
A,41,R,NH2,B,18,c,OP1,2.91,HB
A,41,R,NH2,B,18,c,OP2,1.87,HB
A,41,R,NH2,B,18,c,O5',1.05,HB
A,41,R,NH2,B,18,c,O4',3.32,HB
A,41,R,NH2,B,19,a,OP2,3.5,HB
A,56,K,NZ,B,35,g,O3',3.03,HB
A,56,K,NZ,B,36,c,OP1,2.4,HB
A,127,R,NH1,B,48,c,OP1,3.68,HB
A,127,R,NH1,B,48,c,OP2,3.68,HB
A,435,E,OE1,B,12,g,C2,3.89,HB
A,435,E,OE1,B,12,g,N2,3.5,HB