Chain1,Res1,ResName1,Atom1,Chain2,Res2,ResName2,Atom2,Distance,Type
A,693,Q,NE2,B,17,u,OP2,3.58,HB
A,693,Q,NE2,B,17,u,O5',3.47,HB
A,833,Q,OE1,B,15,c,N4,3.13,HB
A,833,Q,NE2,B,15,c,N3,3.85,HB
A,833,Q,NE2,B,16,g,C6,2.86,HB
A,833,Q,NE2,B,16,g,O6,2.35,HB
A,833,Q,NE2,B,16,g,N1,3.12,HB
A,836,R,N,B,14,a,OP1,3.76,HB
A,836,R,N,B,14,a,OP2,3.89,HB
A,836,R,NE,B,14,a,O5',3.85,HB
A,836,R,NE,B,14,a,O3',3.61,HB
A,836,R,NH1,B,14,a,N7,3.7,HB
A,836,R,NE,B,15,c,OP2,1.64,HB
A,836,R,NE,B,15,c,O5',3.2,HB
A,836,R,NH1,B,15,c,OP2,3.64,HB
A,836,R,NH1,B,15,c,O5',3.88,HB
A,836,R,NH1,B,15,c,N3,3.18,HB
A,836,R,NH2,B,15,c,OP2,2.84,HB
A,836,R,NH2,B,15,c,O5',2.38,HB
A,836,R,NH2,B,15,c,O4',3.52,HB
A,836,R,NH2,B,16,g,OP2,3.88,HB
A,840,K,NZ,B,16,g,OP1,3.89,HB
A,840,K,NZ,B,16,g,OP2,3.31,HB
A,1006,N,ND2,B,12,c,N3,3.26,HB
A,1006,N,ND2,B,13,a,N1,3.29,HB
A,1006,N,ND2,B,13,a,N3,2.33,HB
A,1117,Y,O,B,15,c,O2',1.84,HB
A,1117,Y,OH,B,16,g,O5',3.67,HB
A,1117,Y,OH,B,16,g,O4',2.52,HB
A,1117,Y,OH,B,16,g,O3',2.18,HB
A,1117,Y,OH,B,16,g,O2',2.86,HB
A,1117,Y,CB,B,17,u,C5,4.4,HY
A,1117,Y,CG,B,17,u,C5,3.22,HY
A,1117,Y,CD1,B,17,u,C5,3.27,HY
A,1117,Y,CD2,B,17,u,C5,2.79,HY
A,1117,Y,CE1,B,17,u,C5,2.9,HY
A,1117,Y,CE2,B,17,u,C5,2.32,HY
A,1117,Y,OH,B,17,u,OP1,3.69,HB
A,1120,N,ND2,B,13,a,N1,2.18,HB
A,1126,N,O,B,32,u,O2',3.03,HB
A,1127,N,OD1,B,31,a,O2',3.66,HB
A,1127,N,ND2,B,31,a,O2',2.77,HB
A,1127,N,ND2,B,31,a,N3,3.68,HB
A,1127,N,OD1,B,32,u,O2',3.37,HB
A,1127,N,ND2,B,32,u,O4',3.04,HB
A,1142,S,OG,B,10,a,N6,3.83,HB
A,1187,K,NZ,B,33,a,OP1,2.23,HB
A,1200,A,O,B,20,a,N6,2.99,HB
A,1252,F,O,B,17,u,N3,3.78,HB
A,1252,F,CZ,B,17,u,C5,4.19,HY
A,1252,F,O,B,18,c,N4,2.87,HB
A,1253,H,ND1,B,18,c,N4,3.14,HB
A,1256,N,N,B,23,a,OP1,2.78,HB
A,1257,N,N,B,23,a,OP1,3.03,HB
A,1257,N,ND2,B,23,a,O3',3.36,HB
A,1257,N,ND2,B,24,g,OP1,3.24,HB
A,1266,W,NE1,B,18,c,O2',2.77,HB
A,1266,W,NE1,B,18,c,O2,2.49,HB
A,1267,Y,OH,B,17,u,N3,3.65,HB
A,1267,Y,OH,B,18,c,N4,3.56,HB
A,1276,R,NE,B,16,g,O3',3.82,HB
A,1276,R,NH2,B,16,g,O3',2.14,HB
A,1276,R,NE,B,17,u,OP1,1.31,HB
A,1276,R,NE,B,17,u,OP2,3.54,HB
A,1276,R,NE,B,17,u,O5',3.46,HB
A,1276,R,NH1,B,17,u,OP1,2.46,HB
A,1276,R,NH1,B,17,u,OP2,3.24,HB
A,1276,R,NH1,B,17,u,O5',2.66,HB
A,1276,R,NH2,B,17,u,OP1,1.22,HB
A,1276,R,NH2,B,17,u,OP2,2.14,HB
A,1276,R,NH2,B,17,u,O5',1.27,HB
A,1276,R,NH2,B,17,u,O4',3.56,HB
A,1277,T,N,B,16,g,OP1,3.53,HB
A,1279,G,N,B,17,u,O4,3.04,HB