Chain1,Res1,ResName1,Atom1,Chain2,Res2,ResName2,Atom2,Distance,Type
A,64,E,OE2,B,112,u,O2',3.9,HB
A,207,K,NZ,B,113,c,OP1,3.79,HB
A,304,R,NE,B,111,g,C6,3.63,HB
A,304,R,NE,B,111,g,O6,3.76,HB
A,304,R,NH1,B,111,g,C6,3.66,HB
A,304,R,NH2,B,111,g,C6,3.13,HB
A,304,R,NH2,B,111,g,O6,2.94,HB
A,306,R,NH2,B,111,g,O5',3.47,HB
A,306,R,NH2,B,111,g,O4',2.69,HB
A,306,R,NH2,B,111,g,O3',3.43,HB
A,440,S,OG,B,109,u,O2',3.76,HB
A,444,R,NE,B,61,u,OP1,2.86,HB
A,444,R,NH1,B,61,u,OP1,1.93,HB
A,444,R,NH1,B,61,u,O5',3.34,HB
A,444,R,NH2,B,61,u,OP1,3.7,HB