Chain1,Res1,ResName1,Atom1,Chain2,Res2,ResName2,Atom2,Distance,Type
A,127,Q,NE2,B,57,g,N1,3.33,HB
A,127,Q,NE2,B,58,a,N1,3.18,HB
A,169,R,NH1,B,56,u,OP1,3.06,HB
A,169,R,NH2,B,56,u,OP1,2.05,HB
A,185,R,NE,B,56,u,O4,3.7,HB
A,185,R,NH2,B,56,u,O4,3.42,HB
A,336,H,NE2,B,56,u,O4',3.89,HB
A,339,H,NE2,B,56,u,O2,2.63,HB
A,404,R,NH1,B,10,u,O2',2.18,HB
A,404,R,NH2,B,10,u,O2',3.64,HB
A,404,R,NH2,B,10,u,O2,3.84,HB
A,447,D,N,B,58,a,OP1,3.43,HB
A,448,G,N,B,57,g,O3',3.12,HB
A,448,G,N,B,57,g,O2',3.84,HB
A,448,G,O,B,57,g,O2',3.74,HB