Chain1,Res1,ResName1,Atom1,Chain2,Res2,ResName2,Atom2,Distance,Type
A,434,K,NZ,B,33,g,OP1,3.8,HB
A,434,K,NZ,B,33,g,OP2,2.04,HB
A,434,K,NZ,B,33,g,O5',3.81,HB
A,455,Y,OH,B,33,g,C6,3.51,HB
A,455,Y,OH,B,33,g,O6,3.8,HB
A,455,Y,OH,B,33,g,N1,2.58,HB
A,455,Y,OH,B,33,g,C2,3.04,HB
A,455,Y,OH,B,33,g,N2,2.94,HB
A,457,S,OG,B,33,g,C6,3.47,HB
A,457,S,OG,B,33,g,O6,3.6,HB
A,457,S,OG,B,33,g,N1,2.71,HB
A,457,S,OG,B,33,g,C2,3.37,HB
A,457,S,OG,B,33,g,N2,3.38,HB
A,458,A,N,B,33,g,O6,3.61,HB
A,460,R,NE,B,31,a,O3',2.63,HB
A,460,R,NH2,B,31,a,O3',2.01,HB
A,460,R,NH2,B,31,a,O2',3.89,HB
A,460,R,NE,B,32,u,OP1,2.27,HB
A,460,R,NE,B,32,u,OP2,1.72,HB
A,460,R,NE,B,32,u,O5',3.6,HB
A,460,R,NH1,B,32,u,OP1,1.83,HB
A,460,R,NH1,B,32,u,OP2,3.29,HB
A,460,R,NH2,B,32,u,OP1,0.69,HB
A,460,R,NH2,B,32,u,OP2,2.69,HB
A,460,R,NH2,B,32,u,O5',2.58,HB
A,486,H,NE2,B,31,a,N6,3.16,HB
A,486,H,NE2,B,31,a,N1,2.35,HB
A,486,H,NE2,B,31,a,N3,3.64,HB