Chain1,Res1,ResName1,Atom1,Chain2,Res2,ResName2,Atom2,Distance,Type
A,31,H,NE2,B,18,u,O4',3.67,HB
A,34,I,O,B,19,u,N3,2.96,HB
A,35,R,N,B,19,u,OP2,3.64,HB
A,37,R,N,B,19,u,O4,3.33,HB
A,37,R,CG,B,19,u,C5,4.29,HY
A,37,R,NE,B,19,u,O2,3.37,HB
A,37,R,NE,B,19,u,N3,2.31,HB
A,37,R,NE,B,19,u,O4,3.01,HB
A,37,R,NH1,B,19,u,O2,3.6,HB
A,37,R,NH2,B,19,u,O2,3.09,HB
A,37,R,NH2,B,19,u,N3,3.3,HB
A,38,D,N,B,19,u,O4,2.64,HB
A,38,D,CB,B,19,u,C5,3.93,HY
A,38,D,OD2,B,19,u,N3,3.78,HB
A,60,C,O,B,17,c,N4,3.85,HB
A,63,W,NE1,B,20,u,O2,3.58,HB
A,63,W,NE1,B,20,u,N3,3.86,HB
A,63,W,CZ2,B,20,u,C5,4.4,HY
A,64,Y,OH,B,17,c,O2,3.66,HB
A,64,Y,OH,B,20,u,OP1,3.8,HB
A,64,Y,OH,B,20,u,O5',3.7,HB
A,65,K,NZ,B,13,c,OP2,3.72,HB
A,66,K,NZ,B,20,u,O2',3.57,HB
A,77,Y,OH,B,20,u,O4,2.78,HB