Chain1,Res1,ResName1,Atom1,Chain2,Res2,ResName2,Atom2,Distance,Type
A,14,R,NE,B,25,a,O2',3.64,HB
A,15,F,O,B,26,c,O2',3.62,HB
A,17,C,N,B,26,c,O3',3.83,HB
A,17,C,SG,B,26,c,O2',3.44,HB
A,17,C,N,B,27,a,OP1,2.62,HB
A,19,Y,OH,B,63,g,O2',3.73,HB
A,22,Y,OH,B,27,a,O3',2.2,HB
A,22,Y,OH,B,28,g,OP1,0.5,HB
A,22,Y,OH,B,28,g,OP2,2.4,HB
A,22,Y,OH,B,28,g,O5',2.68,HB
A,29,I,CD1,B,17,c,C6,4.12,HY
A,33,R,NE,B,17,c,O3',3.65,HB
A,33,R,NH1,B,17,c,OP1,3.48,HB
A,33,R,NH1,B,17,c,O5',3.55,HB
A,33,R,NH2,B,17,c,O5',2.78,HB
A,33,R,NH2,B,17,c,O3',2.59,HB
A,33,R,NE,B,18,g,OP1,2.91,HB
A,33,R,NE,B,18,g,OP2,3.83,HB
A,33,R,NH2,B,18,g,OP1,3.57,HB
A,33,R,NH2,B,18,g,OP2,3.29,HB
A,34,R,NH2,B,28,g,O5',3.42,HB
A,34,R,NH2,B,28,g,O3',2.94,HB
A,34,R,NH1,B,29,a,OP1,3.77,HB
A,34,R,NH1,B,29,a,OP2,2.97,HB
A,34,R,NH2,B,29,a,OP1,2.74,HB
A,34,R,NH2,B,29,a,OP2,2.54,HB
A,37,I,N,B,17,c,O3',3.73,HB
A,37,I,N,B,18,g,OP1,3.34,HB
A,66,K,NZ,B,64,g,OP1,3.34,HB
A,66,K,NZ,B,64,g,OP2,2.95,HB
A,66,K,NZ,B,66,u,OP2,3.13,HB
A,67,M,O,B,62,c,O2',2.89,HB
A,67,M,N,B,63,g,OP1,3.55,HB
A,68,Y,OH,B,28,g,O3',3.52,HB
A,68,Y,OH,B,29,a,OP1,3.33,HB
A,68,Y,O,B,62,c,O2',3.51,HB
A,69,S,N,B,62,c,O2',3.44,HB
A,69,S,O,B,73,g,O2',3.48,HB
A,69,S,O,B,73,g,N2,3.73,HB
A,70,R,NE,B,28,g,O3',3.52,HB
A,70,R,NH1,B,28,g,O3',3.37,HB
A,70,R,NH2,B,28,g,O3',2.53,HB
A,70,R,NH2,B,28,g,O2',3.49,HB
A,70,R,NE,B,29,a,OP1,3.55,HB
A,70,R,NE,B,29,a,O5',3.31,HB
A,70,R,NH1,B,29,a,OP1,1.91,HB
A,70,R,NH1,B,29,a,OP2,3.9,HB
A,70,R,NH1,B,29,a,O5',2.34,HB
A,70,R,NH2,B,29,a,OP1,2.96,HB
A,70,R,NH2,B,29,a,OP2,3.51,HB
A,70,R,NH2,B,29,a,O5',1.24,HB
A,70,R,NH2,B,29,a,O4',3.11,HB
A,70,R,NE,B,73,g,O2',3.87,HB
A,74,R,NH2,B,61,c,O2',3.78,HB
A,81,R,NH1,B,63,g,O3',2.79,HB
A,81,R,NH1,B,64,g,OP1,2.79,HB
A,81,R,NH2,B,64,g,OP1,2.3,HB
A,83,R,NH1,B,26,c,O2',2.62,HB
A,83,R,NH2,B,26,c,O2',3.89,HB
A,101,R,NH2,B,26,c,OP1,3.15,HB
A,101,R,NH2,B,26,c,O5',3.86,HB
A,101,R,NE,B,27,a,OP1,2.97,HB
A,101,R,NE,B,27,a,OP2,2.76,HB
A,101,R,NH2,B,27,a,OP1,3.83,HB
A,101,R,NH2,B,27,a,OP2,2.37,HB
A,102,K,NZ,B,19,c,OP1,2.29,HB
A,102,K,NZ,B,19,c,O5',2.89,HB
A,102,K,NZ,B,19,c,O3',3.67,HB
A,102,K,NZ,B,20,u,OP2,3.73,HB