Chain1,Res1,ResName1,Atom1,Chain2,Res2,ResName2,Atom2,Distance,Type
A,106,Y,OH,B,32,g,C6,3.65,HB
A,106,Y,OH,B,32,g,O6,3.43,HB
A,106,Y,OH,B,32,g,N1,3.28,HB
A,142,T,OG1,B,22,g,OP1,3.19,HB
A,144,G,N,B,33,u,O2,3.84,HB
A,147,R,NH2,B,31,c,O2,3.69,HB
A,163,W,CH2,B,33,u,C5,4.46,HY
A,165,T,OG1,B,33,u,O2',3.43,HB
A,165,T,OG1,B,33,u,O2,3.32,HB
A,193,H,ND1,B,32,g,N2,3.76,HB
A,193,H,NE2,B,32,g,N1,3.55,HB
A,193,H,NE2,B,32,g,N2,3.55,HB
A,200,E,OE1,B,32,g,N1,2.51,HB
A,200,E,OE1,B,32,g,C2,3.14,HB
A,200,E,OE2,B,32,g,N1,3.16,HB
A,204,L,CD2,B,33,u,C5,3.25,HY
A,238,G,N,B,32,g,O6,3.6,HB